,id,grade,content,values
0,丨凧丨,还行,7.2/10，等一下，这模式不是《摄影机不要停》吗？？？？？楼上几个影评人高潮成这样？载入世界影史？？？-----片子的艺术水准很好，但是一细想，你姥姥去世了，你难过得吃不下饭；导演姥姥去世了，他张罗着拍这个机位，拍那个角度，因为这个当电影素材可太好了……这种潜藏深处的冷血无情，真真寒气逼人。,0.99999999999281
1,郭连凯,力荐,"我不想捧杀，但在我有限的观影量中，《吉祥如意》确实是没有任何可供比较的参考系的，说颠覆实验性，或者电影之神降临之类的形容或许有些夸张，但也确实是这么一回事儿。
 
从镜头缓缓拉出，中国电影资料馆的那块银幕出现之后，这部电影就已经超脱了“电影”的范畴了，大鹏投射了无需怀疑的沉重私人情感去完成了这样的一次记录：《吉祥》用些微的导演干预去记录这普通的东北农村一家因老母亲去世引发的一系列连锁反应，《如意》再通过“记录”这次记录，抛出了若干个诸如“导演投射的私人情感应不应该算做影片的一部分”、“演员的入戏程度过深甚至超越了原型人物”等等“《纽约提喻法》式”的问题。
 
所以回到资料馆中的那个观众提问：大鹏你之前一直是做喜剧的，为什么会想到要做这样一部电影呢？
 
对啊，他原本只是想拍一下姥姥过年来着。",1.0
2,猫奴十二年,推荐,最好的一幕，我认为是年夜饭争吵后的真假丽丽同框，假丽丽还未从戏中缓过来，真丽丽却玩着手机，一副漠不关心的模样。大鹏用纪录电影的形式为王吉祥虚构了一个孝顺的闺女，却又用解构纪录片的形式把真实而冷漠的闺女呈现出来。人们更愿意相信好的那一面。,0.9999998170351039
3,哪吒男,推荐,隐形眼镜都给我哭掉了 当生活与电影互文 偶然的温馨成为片名 庸常的遗憾被深解为宿命 电影让每一个人重新审视生活,0.9999913515686479
4,嘟嘟熊之父,力荐,"一半吉祥，确认他还活着；一半如意，接受他已死去。智商退回四五岁儿童的老人，要如何捕捉他的内心感受？将他完全放逐。

前半段以摄影机在场—不在场—在场的闭环，将对三舅生命的解释权如接力棒一样传递下去，而其本人似乎已不再参与自己的人生，无论是那些漂亮的言辞，或不堪的攻讦。假意温馨的合影是对无疾而终的争吵最好的回应。空镜扫过冷寂的村庄，不是三舅望见了雪，而是这场雪证明了他依然活着。

后半段迅速抽离，开启旁观，如站在玻璃罩子之外重新解构这个故事。他在罩子里的活着，恰好映照了罩子外的我们对他死去的默认，从我们的繁华世界将他顺理成章地彻底抹去。

大鹏用一双冷眼观察，当他装不下去的时候，便是这部电影甚至这个世界最真实也最残酷的瞬间。",1.0
5,影志,力荐,如果说大鹏仅仅在叙事结构、拍摄手法上打破国产片的格局，什么第四面墙、层层嵌套、戏中戏中戏之类的，都这不算什么。最主要的，他通过想拍一部关于姥姥的影像，无心插柳完成了一部中国家庭浮世绘全貌，这才是电影如虎添翼的地方。“树倒猢狲散，老人没了，一家人就很难再聚齐了”家人的牵绊、负担和义务，沦为现代人的亲情之殇。“我还是不理解，为什么十年不回来啊”在城市打拼和回到乡里判若两人的我们，又何尝不被刺痛？老人越老越孩子，那句“三哥哭了、三哥哭了”把我的全部防线彻底击溃。大鹏第一次面对自己的柔弱与残忍，刨根刨底地，为我们呈现了他最私人的影像（镜头下都是他最亲的家人）。坐在电影资料馆看这部，当画面逐渐拉伸到资料馆的画面，梦一般从电影穿到现实，这就是电影的魅力，叹为观止！,1.0
6,把噗,推荐,想不到大鹏拍出《吉祥》，更想不到《吉祥》之后，大鹏拿出《吉祥如意》。将短片发展成长片是青年导演的惯用方式，大鹏的不同在于《吉祥如意》直接套用《吉祥》。作为一种艺术手段，将成片与拍摄并列，相当于设局和解谜，至于哪里真实、哪里虚假？你自己去辨别吧。,0.9999923112573698
7,rainraingoaway,推荐,除了那场亲戚吵架的戏之外，我觉得神来之笔是第二部分里饰演丽丽的女演员在拍戏中途受不了老一辈的争吵泪崩进屋的镜头。女演员进到真实的丽丽在的房间里为了戏里的情感痛哭，而现实中的丽丽平静地坐在饰演自己的演员旁边低头看着手机。虚构里的人物和现实里的人物竟然反应如此不同，那么究竟什么又才是真实呢？,0.9999999988846282
8,方枪枪,推荐,满足了，也很佩服大鹏，返璞归真的创作与表达！电影本身其实是金马获奖短片《吉祥》与幕后花絮的结合，拍电影与“拍”电影的套娃，大鹏既是创作者同时也是当事人，形式上将纪录与虚构形成巧妙互文，当然最终呈现与预期已经截然不同，但传统中国家庭的羁绊与扶持依然能击中大部分中国观众内心引发强烈共鸣！以及最后，生活永远是最好的剧本。,0.9999999999999745
9,风浪里,力荐,刘陆问王庆丽你怎么能十年不回来的场面在我心里必定载入世界电影史。它完成了一个我一直以来大为期待的事——人与平行时空的自己对话，来看看其他的自己会如何选择、如何取舍，只不过我没料到这一幕果然成真时会如此残忍。人物在这部电影里释放的情感，借助戏剧化的呈现，达到了难以超越的“比真更真”，回想自己拍纪录片的历程，实在是叹为观止。,0.99999999996051
10,桃桃林林,推荐,之前在金马看过短片版的《吉祥》就很喜欢，如今看了完整版的《吉祥如意》，也看出大鹏对他创作可能的更多尝试，资料馆那部分还是很有意思的。归类的话，这应该叫融入剧情片段的记录片吧。重看还是觉得一家人在饭桌上吵架那场戏厉害，太真实，太熟悉，所以还是生活本身最戏剧性啊。,0.9999996056605104
11,迦南Canaan,推荐,特别好。《吉祥如意》更像进一步完善了大鹏的艺术人格。《吉祥》和《如意》两者互相补充，《吉祥》是虚实之间的试验短片，《如意》是一封写给自己和三叔及姥姥情深意切的书信。在《吉祥》中看透了人间的生老病死，在《如意》里生活继续下去还要靠孑然的彳亍。,0.999998853272078
12,大奇特(Grinch),力荐,《吉祥》是很像剧情片的纪录片，《如意》是很像纪录片的剧情片，它们是完整的一体。甚至连北影节的放映都参与其中。第二部分跨越时间，很好地解构了前半部分，解答了观众对《吉祥》中真实与虚假的模棱两可，这就是结构发挥作用的地方。虽然是用类型、结构带来新的叙事突破，但它还是从人物、情感出发，步步深入，最终抵达人类情感深层，带来共情，感受普世亲情的价值所在。,1.0
13,forfaen,推荐,我分不清楚，刘陆的崩溃、痛哭是我们基于表演理解的“真”，在真实的家人眼里是否是“假”？； 王庆丽的“漠然”和“虚伪”是否才透露透露了家庭的本质，不得不拧在一起相互拖累的自我与家庭的现实距离。,0.9998230576899502
14,Mr.NO,力荐,文武香贵，一二四五，就是没他自己。,0.8638602071873938
15,frozenmoon,推荐,东北本身就是一种叙事语气。不知道这对于东北人而言是上天的眷顾还是惩罚。大鹏说想拍天意，这确实是天意，只不过天意突然拐了个弯变成了这个样子。08年大鹏还是个小伙子，随便拿DV拍着玩，十几年后一切都变了，时间最沉默也最苍茫。人间本身超越一切虚构，更何况是中国的人间。《四个春天》也好，《吉祥如意》也好，打动人就因为拍摄人间变数和处于变数中不知所措的人，以及不知所措之后还得在一声叹息里收拾收拾继续生活的劲头儿。唯一的外来者演员问十年没回家的女儿，为什么十年没回来。那段沉默就是最好的答案。生活的选择是不可总结成一二三四的，都是偶然和碎片连缀成线然后就度过了十年，外部永远无法明白处于一种生活内部的人为何做出那种抉择，所以外部的人易于下道德判断，而内部的人通常只是沉默和苦笑。大鹏好在不做判断，只轻声叹息。,1.0
16,册烂污 呲牛逼,力荐,常回家看看回家看看，哪怕筷子洗洗碗。,0.16597835493638669
17,钾碳铀氟,还行,《吉祥》着实让我有种“就这？”的感觉，除了饭桌上这场戏拍出了该有的力度，大部分时候只是将镜头故意拉长，空洞的表达对王吉祥的形象展现毫无帮助。好在《如意》解答了多数的疑惑，命运代替大鹏成为了本片真正的导演，一个神级命题就这样在天意下诞生了。但相当可惜的是，后半部并不出彩的剪辑却把这一切浪费，哲学性完全停留在原点，观众更像是自己顺着形式反溯，把自己弄感动。结果呈现出来的，是影评写得比电影更好看的景象,0.9999999999811702
18,西楼尘,推荐,听到生理盐水和呼吸氧包，失去记忆的儿子哭了。看到燃烧纸牛和匍匐孝布，宛若孩童的父亲笑了。年夜饭系上家庭死结，电视机少了温度显影。导航说，请在适当位置掉头，已为您重新规划路线。已拥有另外世界的子女，陷在文武香贵里的吉祥，随齑粉步入轮回的姥姥，原来生活无法掉头，才在门后贴上吉祥如意。,0.999999984628188
19,互动鬼才,力荐,siff大鹏在映后交流反复提到的天意大概是对这部电影、这段故事、这无法表达的人生最好的概括了。即使缄言不语，心中自有波涛。感谢大鹏分享这么多，感觉没参加首映的某兄弟至少小亏一个亿。        （2021.2.2好多人点赞啊，刚好看到有人说大鹏太无情了，人死了这么冷漠的拍摄。再说2个事吧。映后大鹏自己说的是很久之前就有拍个回东北老家过年的记录，然后工作时突然接到噩耗，因为对拍摄有所准备了，便有了记录下这段事的想法，不过拍摄对象和题材完全变了，这也是“天意”的一部分。      第2个事，有观众问到是不是考虑转型。大鹏回答的大概内容：不会，我不是专业出身的导演，你们说的结构什么的我也不是特别懂，这部片只是一个偶然，也无法复制，而且我非常非常喜欢喜剧，喜剧成就了今天的大鹏，我不会放弃喜剧）,0.999999999985081
20,Annihilator,很差,「吉祥」借着伪纪录片的外衣堂而皇之地剥削真实的亲情来完成观点的表达已经足够恶劣，没想到「如意」还要惺惺作态地表演一下创作者的反思，可怕至极。从剪辑的逻辑就可看出导演的权力自始至终都未曾动摇过，于是这圆滑的两段式结构不仅没有生成任何真正的自反，反而为大鹏的自恋和机巧算计提供了一套无懈可击的辩护词，甚至造成对素材的二次压榨。自大的摄影机对着亲人们的脸庞zoom in，是想窥见什么人性和天意？,0.9999999995901385
21,乌鸦火堂,推荐,“吉祥”是完整的短片，“如意”是从另一个角度对前者的拓展，从参与者和旁观者两个不同的角度审视突发事件中大家庭的全貌。真实素人与演员的混搭，是用纪录片语法去拍摄的一部剧情片，亲情维系与人情世故，家庭的羁绊与各自的生活，演员的入戏以及原型的冷漠，都在前后对比下格外突出。大鹏这次角度清奇，前半段“带入情感”让你感同身受，后半段“走出情感”让你清醒一下：这么典型的中式家庭,1.0
22,内有恶犬,力荐,哭得一抽一抽，所谓家族之苦，是一些永远也回答不了的问题，是离开家那一刻凝结成的某种永恒。戏里戏外的互文从16年一路延续到在资料馆观影的当下，由此产生的共情强烈又奇特，对导演对观众大概都是此生唯一的体验。大鹏一定是捡到电影之神扔的烟屁股猛嘬了两口！！,0.9999999292989444
23,蜉蝣,还行,《吉祥》很好。可是当导演大鹏出镜，这个东北普通家庭的赡养问题就彻底变成了十亿票房导演家庭的赡养问题，前半部分的情感完全被消解，甚至困难已经不再成立。《如意》那些凌乱的镜头编排掩盖了《吉祥》的核心冲突和结构上的结尾，表姐无法回答的问题直接抛给了观众，但观众只能给予更多的情感投射。我更愿意称之为素材不足时的机智而绝不是新叙事形式的突破。,0.9999999999999709
24,奇爱博士,推荐,以我肥头大耳、惨不忍睹的亮相，完成了“吉祥”与“如意”的魔幻转场，这事儿本身就很魔幻。,0.9989998869895809
25,山吹绿,还行,吹得过了，就是一部短片+幕后,0.47442655897598884
26,张华弥,推荐,相当好，没必要提《摄影机不要停》和《纽约提喻法》。大鹏拍的不单是的纪录片或伪纪录片，而是一截影像，一段命数。年夜饭一场戏，王家人愈吵愈烈，丽丽”逃离镜头。摄影机扫过一面镜子，“丽丽”握着茶杯出神，丽丽倚在一旁看手机，可以说，刘陆在《吉祥》部分的入戏，多少造成了作为观者的我的出戏，但刘陆毕竟不是要成为大鹏或是丽丽姐的角色，“丽丽”是我们在虚实之间通灵的媒介。,0.9999999079079991
27,二十二岛主,推荐,北影节第1场镜界。还挺巧的，《吉祥》在台湾拿到最佳短片奖那天我在台下，去年在资料馆的第一次放映我在台下，今天《吉祥如意》回到资料馆我仍在台下，感觉自己潜移默化地陪伴着这个电影走了半程。看的时候其实一直在思索，哪些是真实的，哪些又是虚构的，这些疑问在“如意”段落获得了一些解答，但会有更多的问号冒出来。这是一次非常奇特的观影体验，从内容层面上来说它真实地展现了东北农村乃至无数个中国家庭的伦理困局，从形式上来说它通过镜头为观众设置出了值得思考的镜像关系。近年来有许多青年创作者尝试这种形式，但大鹏无疑是做的最成熟的。仍然坚持一个观点，大鹏未来可期。,1.0
28,顿河,力荐,本质上这是部青春片。80后的青春就是这么在故乡和异乡之间，在父辈的多生多育政策和己辈的独生子女政策的夹缝里，被蹉跎和异化了。主动的向外奔跑和被动的被拽回，才缓慢的成长了。青春如此无趣漫长和笑泪交织，变成了不敢躬身自省的埋头。挺佩服大鹏的，勇敢且有所回报。尤其喜欢今天映后他为表妹的辩护，本质上，没有谁可以评价谁，何况我们是一代人。,0.9999999999999871
29,我超爱多冰美式,推荐,“还是想不通为什么是十年.”,0.46970496623275215
30,搞笑吃兔,较差,真的不太喜欢，新形式还是掉进了老套路里。《吉祥》里充满了刻意和做作，真实的部分，穿插着很多过于虚假的东西（比如烟花），以为在看谁是佩奇。把这两者拼贴起来时，就让人很不适。第二部分，充满了导演的自恋，甚至对于家庭史的消费，从创作的过程中就看不到真诚，看到的是，一个时代产物下的所谓的“导演”，如何奋力的自我证明。过于用力，过于投机。以至于，当导演把所有的一切归为“天意”时，无非是对自己空洞内核的找补。一来，削弱了本身就没什么深度的情感，二来，天降奇兵，解决无力解决的问题。形式完全不能给我任何的新鲜和刺激，以及我很好奇，观影过程中哭的稀里哗啦的观众，你们在生活里，自己奶奶的葬礼变成一场畸形秀时，你们是否会有愤怒，或者说一丝一毫的不欣赏？,0.9999999992786073
31,锦,2021-01-23 18:01:26,some thoughts：刘陆作为职业演员，无论怎样进行自然主义的演绎，和真实人物之间总有间离感。这种间离感来自于演员的感受力更强，故事会引发他们强烈的情绪和反应，而对素人来说这不是故事而是生活，他们有着被生活打磨过的钝感，麻木、不执着原因。刘陆会问丽丽，为何你十年都不回来。作为演员她需要知道原因。作为真实人物，丽丽无法回答这个问题，这中间横亘着或许更长时间的纠葛、无奈、回避和冷漠。她只能在冲突爆发时去玩手机。,0.9999999999988387
32,Maud,力荐,假丽丽崩溃地离开现场时真丽丽只是冷漠地刷着手机，大鹏利用蒙太奇创造了一个孝顺的女儿，真假之间遥映着人间百态。前两周奶奶离世，丧宴和各家分钱的场景和王家也没什么两样。太佩服这种剖开生活的勇气了，一团和气下是暗流涌动的算计，看着那些暗戳戳的对话好像自己都窒息起来。,0.9999416534777834
33,fushia,力荐,哭掉了五张纸。。五星给敢于在镜头面前直面和剖开家庭内部的不堪和暗面的勇气。而家庭就是这样，一团和气下涌动着算计和埋怨、逃避和麻木。它们通常在两种情况下爆发。一是过年时，二是葬礼后。爆竹燃尽，逝者入土，生活继续，吉祥如意。,0.9999897114837295
34,喂饭,较差,导演与摄影机之间的深壑，抑或是粗暴的意志与无意识的“看”之间相违。哪怕是对自身制作过程的暴露，电影仍然很虚伪。唯一真诚的理解是：当“导演”像“演员”那样走入景框之下时，是他对自己掌控欲与表演欲的双重暴露。可惜大鹏几乎没有自反到这一层。,0.999999820986016
35,翻滚吧！蛋堡,力荐,坐在资料馆看镜头里映射的一瞬太奇妙了！多重意义的打破纪录与剧情片的边界，真实与虚构影像的嵌套、演员比真实人物更投入的情感，文本又和人生达到宿命般的巧合。摄影机的情绪既私密又疏离，这种普世亲情在间离的效果后也引发出更强的共鸣。,0.9999999999999161
36,木卫二,2020-12-01 20:37:13,批评过大鹏之前的烂俗喜剧，这与我在一些瞬间被《吉祥如意》打动，并没有任何冲突。观众或许应该知道，资料馆那场放映被告知要录影拍摄，否则镜头不会那么准确，跟到导演和主演脸上。返乡的《吉祥》，加上了纪录侧记性质的《如意》，令许多观众可以易换位置，去思考电影与现实，一个身体里住着两个不同人的形影关系。不过，我认为光有《吉祥》《如意》还不够，还要加一部《映后》。当然，拍出了“一个春天（节）”的大鹏，是可以去追求口碑与票房，毕竟，全家人一起演戏，表现都还不错。抛出中国式家庭问题之后，原型不想接，主演不想接，导演也不想接，观众得接。但观众是否一定要接呢？至少走出电影院之际，我并不带着电影回去。,0.9999999999999976
37,后自愈,推荐,虚实影像之间并不觉得跳脱，刘陆用表演的方式“生活”在这个家庭之中，剧情与纪录的界限被打破，两种形式竟如此自洽。前半段即是短片《吉祥》，后半段的《如意》可以说是一种解构和扩充。十年未归却略显冷漠的女儿、可能是最后一次齐聚一堂的一家人、孑然一身的三舅，交织组成了中国式家庭关系的全貌，奶奶死去时，家人的一句“三叔哭了”让我瞬间泪崩。处在表演中的刘陆完成了她的置身其中，而原本生活里的女儿却显得游离其外，错位的态度又仿佛是一种戏谑的悲剧，散落在生活各处。大鹏用镜头观察生活，他做到了他想要的。,1.0
38,饮料全糖,还行,带我妈去看的，后悔了，这鸡毛蒜皮天天都在经历，好不容易休闲坐电影院两小时还得再感受这些...😥（PS如意里好几个大鹏的镜头也太自我陶醉了，不过大体知道他要表达什么，哎可偶尔的感动实在有些隔靴挠痒的廉价。真的能改变什么吗，扎进去看一头就撤了。对真正在农村生活的人来说，这样的记录或许真诚，可实在太轻了，轻浮，可以这样形容吗）,0.9992077779015573
39,徐若风,推荐,能做到这个程度是厉害的，甚至不止“纪录片式的剧情片式的纪录片”这样三重嵌套的关系，因为前半段虚假里的“真”要比后半段的真更“真”，从而塌陷到“虚假之真”与“真实之虚”对垒的地步。锐意的刀子（饭桌吵架/玩手机），把亲人间血脉相连却又隔阂、冷漠横生的复杂关系撕裂开；始终未断的温情，又把这份关系弥合着。片名的“如意”与拍摄的“天意”之间，最大的遗憾，就是摄影机太大，摄制组也太庞大了（不过也确实无法避免，毕竟一开始并不想要拍这些事）。这种对无意识、无法掌控的混杂状态的揭露，甚至不合时宜、不合理的剧组规模，不仅是电影的形式与内容，更成为一种反指——每个在春节饭桌或丧葬队列里的我们，是不是在这些属于“团圆”的浩大嘈杂的时刻里，才搞清楚自己心里想的是什么，人与人的距离有多远，在世是多么孤独。,0.9999999996058526
40,alain.proust,2021-01-29 22:44:46,会议室的紧锁眉头、咖啡馆的飞扬手势，镜头只要长时间落到大鹏身上，虚实的平衡就会被打破，滑向一种故作真实的虚假。,0.9989637987901819
41,科洛,还行,这tm就是摄影机不要停啊，观影量这么少吗，就在这捧上天吗？,0.7271896233711631
42,朝暮雪,推荐,"刘陆是假丽丽，但有的时候她比真的丽丽还真。
尤其是二大爷有点太咄咄逼人了，以至于她当场给他下跪磕头。
看到这一幕，你能说她是假的丽丽吗？
这个时候，她就是真丽丽，而且比真丽丽还真。
因为此时真丽丽反而不怎么关心这件事，而是在玩手机。
刘陆磕完头后走出了片场，来到了隔壁的房间。
此时刘陆身边还有一个人，这个人正是丽丽，而刘陆当时是没有意识到这一点的。
于是真丽丽和假丽丽就这样同框了。
假丽丽此时是五味杂陈，而真丽丽反而成了局外人，好像这件事跟她没关系一样。
两个丽丽同框的镜头解读空间太大了。
首先是演员入戏太深了，甚至变得比原型人物还更真实。
其次是演员和原型人物面对四姊妹为父亲吵架的反应截然不同，这不禁让你想问，到底什么才是真实？
更妙的是，这场戏是自然而然发生的，完全没有事先的编排，没有任何设计。",0.9999996073487581
43,深邃,还行,观影过程中一直困惑对大鹏的定位，直到最后刘陆在吵架声里走进房间抽烟，一旁她扮演的丽丽正在玩手机，俩人合起来就是对大鹏和这个项目最好的定义吧。,0.9999887549582276
44,烟雨蔷薇,较差,导演最好不要让自己的肉身进入电影中，尤其不要以观察者身份进入，否则会显得很假。,0.7263494319034722
45,五色全味,2020-11-28 02:24:33,電影是好看的，大鵬的親人們在鏡頭面前呈現了誠摯和真實的感情，演員劉陸則在前半段一直格格不入。只是看這戲的觀感其實蠻像看《四個春天》，只覺創作人想拍一部牛逼電影的慾望遠勝於對於身邊人的情感；又或者說，能拍和剪出這樣的戲其實需要異常「殘忍」的心。當鏡頭中的大鵬常常流露出刻意和非刻意的表演痕跡時，我恍惚於他到底抱著什麼心情在「表演」，而「表演」裡究竟又有多少真實的感情。,0.9994896283829257
46,时间之葬,推荐,《吉祥》是把假的拍得像真的，《如意》是把真的拍得有那么点像假的。就戏剧性而言当然是不如30年前那部《过年》来得传神透彻，但让人重新思索电影与现实的暧昧互文关系，的确有难以复刻的况味,0.9999634921279259
47,不良生,推荐,"片名叫“吉祥如意”，却似乎不吉祥也不如意，像我们人生大多数时刻，明明开头都曾有过一句好的祝福语，但最终走向荒原与空寂。

《吉祥如意》难以归类，它有一种置身其中同时又置身其外的体验，于作为观众的我们，于片中的两位丽丽都是。纪录片和剧情片的壁垒被打破，在“假”的扮演中遇见最真挚的感情，在电影里看见中国人的世情、伦常、离合、利弊与家族之苦。面对一声“为什么十年不回家”的诘问，万千酸楚凝于心头。

如何看见生活、拍摄生活、解构生活，大鹏完全做到了一个创作者应该做的。也让我想到了自身，微颤般的共鸣，将黄纸焚成灰烬或黑花，复又惶离踏马，佯作了无牵挂。你我已是无家之人，往后惟剩泠泠仰望黑色夜空，道念一声吉祥如意。",1.0
48,子戈,推荐,"我现在尚不能概括看这部电影的感受。
它用《吉祥》带人入戏，又用《如意》完成了一次巨大的间离。
它用一个演员串起了前面的“伪纪录”与后面的“真纪录”，但这个演员同时作为一个“间离因子”，在前半部分，她努力入戏，却依然有表演的痕迹；而在后半部分，她无法出戏，乃至于对真实人物发出质问。
这部电影最值得探讨的，就是它的形式，它游走于真实、虚构、纪录、表演之间的暧昧性。
你会不由得思考现实与搬演、生活与创作的关系。
并最终明白，比起人来，老天爷才是更具“作者性”的导演。",0.9999999999998366
49,Lil,很差,三流导演，四流主持，不入流人品,0.11991842389448715
50,变形的文科生,还行,三星半。大鹏很聪明，这种聪明暗含着一种预设的道德立场，让他的作品有一种看似很真诚/虔诚的力量，但背后潜藏的是人性根基里的冷漠与偏执以及算计，即一种非人性/非人道，这是很残忍的，因此他的聪明背后暗藏的是一种“鸡贼”，但这又是符合懒得/无法独立思考的大众狂欢心理的，这从商业角度来说也无可厚非。最后，刘陆不错。再ps 片尾感谢名单里出现了圈内同样以鸡贼驰名的人物，哈哈哈，真是非常大鹏了。,0.999999999998795
51,欢乐分裂,推荐,"《吉祥》与《如意》，一个偶得，一个天成，摄影机退回到观众席，嵌套结构的重合/分歧，微妙映衬出所谓「戏剧」与「现实」在同一事件上的不同着力点。不带任何预设或做任何功课地去看，会引发在院线看到此类作品的惊喜，打破真实/虚拟界限壁垒的手法可能并不新鲜，然而创作者置身于其间的主观代入感赋予了本片独有的悲凉沉浸感。一个大家庭走向树倒猢狲散的必然结局，人生都是渐行渐远，人生就是不断做减法（“不可能再有这样的聚会”，并无reunion），摊开的难堪困局仿佛是每一个普通家庭都曾面临的两难。

在火光的映照下，在雪地的踽踽独行中，那颗封闭的心似乎也随着母亲逝去，即使隔着沉睡几十年的蒙昧意识，他仍坚持着“明天找母”——全片最泪点之处。

被刘陆圈粉。",1.0
52,冰红深蓝,推荐,一部难以复制的、受制于意外却也成全了偶然的元电影。前半段的[吉祥]是职业演员打入大家庭代替现实人物“受难”（颇有赫尔佐格[家庭罗曼史有限公司]之味），虽难以定义，但大体仍属纪录片风格的剧情电影，并间或插入（提问者藏身于摄影机之后的）对真实家庭成员的访谈，为观者渐次拼出前因后果；后半段以猝然后撤显露出影院机制与短片映后问答开始，以抽离的姿态呈现影片摄制过程，这一部分依旧超越了类型框架，因为并不止于纪录片式的幕后花絮，而是以碎片化的形式补全甚或修改了“主线剧情”，直接干预观众的认知与读解。影片的私人性非常强，但对中国传统乡村大家庭与城市独生子女小生活间的矛盾的展现却足以击中每一个人，毕竟，血缘羁绊人情要求与异乡打拼身不由己的冲突，牵系着无数家庭。PS：两段英文片名（final）reunion很点睛。（8.5/10）,1.0
53,yuan,较差,镜头怼着酒店走廊的墙壁拍，大鹏在房间里嚎啕大哭，这是表演吗，他是难过还是忏悔？大鹏的这个动作就像是整部电影的一个缩影：他把自己藏起来了，又把家人的反应全盘托出来成全他电影的戏剧性。我不认为这种刻意模糊虚实界限的电影值得表彰，电影拍摄过程剥削、消费家人的行为，反而应该引起观众的警惕和思考。,0.999999996857847
54,帕拉,还行,伪记录再套一个伪记录，我没看到真诚，反而觉得更虚伪。算不算贩卖家人情感变成商业大片？,0.9765727697133072
55,DESERT,还行,挺一般的  只是没想到是大鹏拍的,0.5673656138235369
56,江湖骗子们的爸爸,力荐,大鹏，以前骂你的话我收回，我给你安上复活甲，而且我还要把你的电影像pdd一样推荐给所有群；另外，评一二星的恶意好大，不要扯摄影机不要停了，时间、创意都不一样，你以为你发现了华点，其实小丑是你,0.2127290810038448
57,么得感情的❉,很差,电影汉化达人,0.9081606821352921
58,Ou,2021-01-28 16:02:31,让人不禁想起前些年的《喜丧》，《吉祥如意》差的是一个合适的观察位置。后半段本应打入道德模糊地带，但因为对导演本人的保护而显得有些“隔”。,0.9999955023474818
59,阿德,力荐,二刷补评价。强烈建议观影前不要做任何的背景功课，也不要看任何评论分析，这样后半段表现形式带来的观影体验和效果会更佳。对于电影本身，看完你就能体会什么叫“家家有本难念的经”了，难得导演大鹏用这样一种特殊的方式记录下来，一切都是“天意”，快过年了，也愿大家“吉祥如意”。,0.9999999891830463
60,九個9,推荐,说点跟电影无关的，并不觉得真丽丽看手机是冷漠的表现，反而是无力无奈下的选择看手机作为一种逃避现实的方式。像是奔波了一年的社畜，每当过年的时候就想着回家一样，在外面磕碰头划下的伤口，是需要找一个无须掩藏自己的避风处疗愈，所以过年回家就显得那么的珍贵和必要。,0.9999766060912201
61,肖发发,力荐,这是一部即兴电影。命运推了大鹏一把，大鹏用电影把这股劲发挥到了极致。,0.9883139615776333
62,qw0aszx,还行,的确需要最后如意部分，打破吉祥从而使得整个作品成立，而且相信本身拍的内容与素材甚至能将其拉高到一个内地电影中都十分罕见的状态与程度。但是如意部分的剪辑却严重消减了这种原生之力。以一种剧情片式思路与处理来操作剪辑，刻意性的段落插入安排（甚至还有为所谓镜头表现补拍后和素材拼一起的镜头），还有对导演本身创作细节等内容的避而不谈，在打了保守牌下稀释掉了太多属于真实才能带来的能力，整个如意段落本应该都有最后那段DV录像的同等力量才对。但此片的存在依旧是难得甚至不易，你看为了通过电影局技术审查的剧情片最低时长标准，这片甚至把片尾字幕拉长到十分钟了。,0.9999999836232276
63,＃寒带针叶林＃,很差,看得我挺生气的，看不出什么探索、实验精神，我只看到一个在商业中眩晕的人的猛然惊醒。《吉祥》的伪纪录片里无时不刻不透露着强烈的情感渲染和商业打磨，摄影机的目的性太强了，片中没有一个人物，只有吐字的情绪符号，每次特写给到女主我都觉得自己被强奸，分镜屡屡有东北电视剧观感。《如意》一出来，简直吊打《吉祥》，能好好拍个纪录片为什么不直接拍纪录片呢，这不拍得挺好吗，这个问题的答案必定是和《吉祥》挂钩的，一想到这，我就觉得虚伪，彻底的虚伪，满屏的虚伪。看到最后，没有半点感动，所有的质疑都变成了愤怒，摄影机，电影变成一种挑逗生命的玩具，两部分中间还插入电影院内观众落泪的镜头，我他妈吐了，作我觉得自己被反复强奸。要看到生活，要思考影像，就放下那些浮躁的小聪明吧。《四个春天》不知道比这好几十万倍了。,0.9999999999999643
64,闻捷🌈Echo,推荐,这可能是我经历过最神奇的观影体验了。去年北影节电影名称还是《吉祥》的时候在电影资料馆亲身经历了大鹏的映后采访，没想到那时候的镜头被剪入了《如意》里，然后今年上影节又遇到了大鹏映后交流。一个谜面，一个谜底，像导演拍自己拍电影一样，我仿佛也是在看自己看电影，感谢如此独特的电影体验感，感谢电影让一切这么神奇。,0.9999999999511147
65,来了来了啦啦啦,推荐,"一半吉祥，确认他还活着；一半如意，接受他已死去。智商退回四五岁儿童的老人，要如何捕捉他的内心感受？将他完全放逐。
... 展开",0.9974869000713811
66,Muyan,2020-07-28 09:20:38,吉祥+如意≠吉祥如意,0.421874597530976
67,starsfall,较差,拍的就是我家的那些破事，一样一样的。年夜饭那场戏，二嫂说了句“拍你妈的”愤然离桌，这就是我的观后感，这些破事有啥好拍的。,0.18509401540120407
68,周末不洗头,力荐,作为东北人这部电影完全超越了我的评级体系。所有这些片中一个普通东北家庭经历的悲欢，姥姥去世后的整套丧仪，我都完整地亲身经历过一次。我想首先讲一讲这部电影让我最为惊艳的嵌套结构。从以姥姥去世家中兄弟姊妹如何照顾痴傻的三舅为核心的吉祥篇，再到三舅在雪中独自散步荧幕逐渐缩小讲述拍摄过程的如意篇，再到整个吉祥如意作为电影呈现在我们这些观众眼前，这个剥洋葱的层级结构展现了太多普通电影无法展现的内容。而这个结构是导演大鹏一开始就构思确定的。他的进步实在太亮眼了。最令我震撼的是饰演三舅女儿的演员刘陆在拍摄年夜饭吵架戏后崩溃大哭。尽管她曾直面原始人物问出了心中最大的疑问，为什么十年都不回老家看看爸爸，并最终得到了沉默的回答，她无法认同这个人物，但她真的把自己放进了这个复杂的情感漩涡中。这个片子，值得一看。,1.0
69,谋杀游戏机,推荐,在模糊真实与虚拟、介于纪实和剧情之间，或者嵌套结构的作品中，大鹏这部是最真诚最打动我的。大鹏作为一名电影人，敢于在镜头前打开私密的自己，在三年制作中一次一次重新面对那段五味杂陈的经历，很勇敢。每个从大城市回乡的人应该都很能理解大鹏那段话：不回来的时候不太会想，你一回来就全是这些事，在这的我和北京的我好像完全是两个人。为什么丽丽十年不回家？选择到大城市漂泊的孩子，心态都会很复杂，你一回家，那些熟悉的、亲切的、朴实无华的，然后纷扰的、不堪重负的、一地鸡毛的...呼啦一下全扑你身上了。作为一次真实影像实验，拍摄本身也很成功，因为大部分镜头都是没法NG的，而每个家人，以及反责自己饰演对象的刘陆的反应都很真实。最后那个DV片段太好了，宛如天成。像大鹏想的那样，这就是“天意”吧，这部电影也是天意。,1.0
70,连城易脆,推荐,各种出乎意料吧，大鹏意外地拍了一部非商业喜剧片，意外地拿了金马奖，意外地提名了金爵奖，我也意外地收到了本片的电影票，意外地见到了大鹏，意外地写了一篇评论这部电影的文章。就像大鹏自己形容地那样，好像天意一般，意外地想要拍摄一部家庭纪录片，意外地姥姥去世了，意外地三舅的女儿回来了，意外地成为了口碑爆款了。因为自身经历过与电影中类似的经历，所以格外地感触深刻，也从电影中嗅到了一些新浪潮的气息，带有一种主观现实主义，充满浓稠的抒情性，有相当强的生活气息。只是电影总是汝之蜜糖彼之砒霜，是否好好的评价经常会两级分化，然而多岐为贵，不取苟同。估计大鹏未来还是会继续奋战在喜剧片的战壕里，这样的电影也是可遇不可求的。,1.0
71,Mr. Infamous,推荐,《吉祥如意》，或《地久天长》，再远及《祝福》与《小团圆》，名头越喜庆，怅惘越深远。人在外漂，许多故乡的人情往来，就真像是另一个次元的故事，想起了，在心头涨半池秋水，转身又被眼前的鸡毛蒜皮充盈，可直到回去面对，才知多少春秋风雨已然过了。遇到过很多遗憾，面对这样的电影时，会被勾起，会推着自己审视自己。《如意》对《吉祥》的又一重编织，把说不上来的情绪又密密地缝了一道。文武香贵，明早找妈，最惦记的人，全在每日的念叨里了。看别人“返老还童”式地天真，又怕极了自己会成为这种负担，如果我会走到那个境地，但求诀别。#江湖观影团#，大鹏可以的。,1.0
72,墨迹的小蘑菇,力荐,作为一个老家在东北农村的东北人，《吉祥》里的每一个瞬间都真实得可怕。这个故事的每一个镜头我都在真实的生活里见过，所以中途开始，这种血淋淋的记录使我产生了控制不住的生理反应泪流不止。这片子获金马奖的时候还没有《如意》，人算不如天算的，不过就是想拍姥姥过年罢了，却拍到了姥姥过世，导演的本能是记录，这是冷漠吗？这他妈就是人生啊。,0.9999999998242333
73,晚不安,力荐,19年在资料馆看《吉祥》的观众，我也是其中之一，当时大鹏在台上的欲言又止让我困惑，如今在后半部电影里都有了答案——他还在拍摄之中。《吉祥》是金马奖最佳剧情短片，让蜕变的大鹏赶上封禁前的末班车；《如意》则是影像版的映后谈，解释了拍摄细节，解决了伦理困境，让整部电影更趋自洽。合二为一之后，它依然是一部不可思议的电影；尤其加上片尾08年的DV素材，富态的姥姥展示门后“吉祥如意”的窗花，更让我为这“神之一手”感到惊叹。不喜欢听到“宿命”或者“天意”这样的大词，这似乎表明导演缺乏充沛的纪录片观念，但又下意识地选择让演员和摄影机介入生活，搅动浮在现实表面的真情与表演。而最后的结果是，他拍出了华语青年导演梯队里最好的元电影，在自己的疼痛上书写出中国家庭的真实面貌，这比《情诗》和《裂流》都走得更远。,1.0
74,IsaaC,较差,前半可以给3星，后续接花絮，说的好听是创新，实际是投机取巧，没有足够的立意完全可以做短片，没有必要非要补足时长上映,0.8777026305517406
75,思路乐,推荐,【B+】这电影确实如电影里所言：天意。前半段「吉祥」已经把答案全盘告知，在这种纪录题材中，职业演员的介入是“毁灭性”的，他们越是入戏，观众就越是出戏，演技与生活之间那层隔阂从未如此清晰过，并在大年三十那个磕头中达到了顶点。随后镜头缓缓从银幕里拉出，充斥着算计，但作为在电影院观看的观众必须承认，出了奇的有效。于是影片来到了后半段「如意」，理所当然开始解构影片的创作目的和拍摄过程。能清晰的看见大鹏对于这种元电影形式的陌生，对「纪录」与「剧情」之间边界把控的无能为力，以及面对私情时究竟如何选择素材，该用什么样的态度去拍摄、剪辑、上映。而全片真正值得为之战栗的一段，是两个“女儿”的反差：演员还未逃离出这场戏，而丽丽却在手机之中漠然。他 妈 的，我居然忘了，这才是我想在电影院里逃离的“真实”。,1.0
76,盲忙,推荐,真实的纪录，还是虚构的演绎？这虚虚实实之间，都像极了生活。越是普通的人物，越是更多的共鸣，每一次全家团聚的背后，隐藏的又是怎样的苦辣酸甜，冷暖自知。大鹏用最新奇巧妙的方式，讲述了最平凡感人的故事，生活在别处，但生活也在这里，它不是悲剧也不是喜剧，而是一出悲喜交加的人生现场，就互道一声吉祥如意吧，因为转身之后也只有各自珍重。,0.9999999960569281
77,不玩豆瓣,很差,家庭是自己最后的避风港，可以说这个世界上最后一块净土，把自己的家庭亲戚家人——就是把自己的底裤暴露给公众消费的人，什么事干不出来？姥姥没了，“忍住悲痛”擦干眼泪各种机位摆拍？太恐怖了……这人还有人性吗？入果前半部分的吉祥还让我存有一丝感动，后半部分的《如意》简直就是拙劣的狗尾续貂，各种精心的算计刻意，以致对前半部分的尚有的一丝感动完全消失殆尽。怪不得资料馆面对女观众的诘问哑口无言、这不是装深沉玩形式是特么心虚！鸡贼啊！特别讽刺的还有演员刘陆过于敬业，哭得那叫一个入戏啊，结果原型却在一边漠然地玩手机？这反差哦册那，瞬间出戏！你这样拍出来就是为了拆前半部分的台吗？到底什么才是真实？zhi演出来的好演技（假作真时真亦假）？还是真实的真实？那真实的边界到底在哪里？你大鹏自己是不是也在那卖力地演？,0.9999999998630194
78,二月鸟语,还行,6.7/10，就像大鹏在如意里面说的，拍这个短片就是上天的恩赐。《吉祥》挺好的，《如意》则是对《吉祥》的补充。通过刘陆的介入不断在打破剧情片和纪录片之间的界限，观影中的情绪也随之在不断变化。而有趣的地方在于刘陆和真实丽丽之间的对比，可以看出来刘陆在整个短片里其实一直没进入角色，在最后饭桌上从表演变成了真吵得时候她反而有点进入了角色，而此刻，真正的丽丽却在外面与世隔绝般的头也不抬地玩手机。所以刘陆理解不了丽丽为何十年不回家，而刘丽丽却把这部片的拍摄当成演戏来看。今天，中国已经一只脚踏进老龄化社会，而这部片子只是一个的剖面。,0.9999999999957114
79,20个小明≯,推荐,戏剧与现实的完美结合，有些画面绝到人为设计根本无法企及……年夜饭那场戏堪比色戒里的麻将局……现实困局之下每个人的立场主张反应都绝了，窒息到如芒刺在背根本不忍直视……,0.9943876956105069
80,寒枝雀静,还行,D / 假如《如意》对《吉祥》的补充在于建立起大鹏的视点，那《如意》本身的目光从何而来呢？假如在叠加叙事层时只是为了让自己的视点隐形，让自己成为真实的天然占有者，并以这种占有决定虚构部分的真实性，那试图打开的出口就再次被封闭了——影片也就成为了自证“真实”的同义反复。所以全片最精彩的只是那些昭示着这种分裂的段落：比如演员对原型人物的质问，比如家人们开始争吵时摄影机的退避与逃离。然而其他都显得太过贴合，就像海报上的窗花一样精细平滑——而窗花两边本应有着极度漫长难以逾越的距离。,0.9992302882747288
81,Muli,还行,Siff刷。《吉祥》还好，到后面的《如意》就略有些失控了。剪得很糙，密集地将所见所闻一一呈现，却未能顾及到观众对这些情绪、矛盾的接收，其实需要导演在除剧情之外设计“呼吸”气口的能力，所以我可能没办法以“一部好电影”的标准去要求这部片子，我只能说这部片特别，但不一定让人眼前一亮，或说它拍的好看。因为它真的太“个人化”了，甚至连里面唯一的演员刘陆，我想她一定忘记了演戏，相信自己就是“那个女儿”。就像大鹏自己在这次首映前写在微博上的话：”我可能还会拍很多电影，但《吉祥如意》，可能是我最特别的一部。”,0.999999999999633
82,Edward,还行,不太行。吃饭那一段不错，很真实，散场后我和老陈聊了好一会儿，都好像在那场戏看见了自己身处的大家庭，但女演员一磕头我就立马想翻白眼。还有，女演员质问现实中的女主为什么十年不回来那儿我也白眼翻天上去了，你入戏可以，但对她来说，这是她自己的生活，她他妈自己的生活。,0.9999999764305408
83,西米白,推荐,1）20几岁的我可能会指责真闺女在玩手机，30几岁的我仔细思考，为什么她爸傻了还可以离婚，她爸为什么是净身出户，她爸到底做了什么？2）我有一个远方亲戚也是像爸爸这样的智商只有几岁。他女儿也是刚成年不久或者快成年，爸爸也是突然生这样的病。当时的感觉她把所有的感知都封闭起来为了保护自己，像片里的亲女儿。你们都不是她，不知道她经历了什么，没立场站在高处指责。3）说丽丽把她爸接走的更是纸上谈兵，他爸生病时丽丽16岁，26岁独立，他爸离开小村子到大城市根本无法生活，上午你出门上班，你爸还在荔湾出租屋里。下午你就天河满大街找爸去。出租屋里你爸一嚎，邻居就来不停投诉，没法上班，全职照顾都困难。还想职场是上升空间996？吉祥只能呆在他熟悉的山村，丽丽最多多回去看看，多给钱，那不然咋办呢？接不去大城市。,0.9999908403330757
84,NOBODY,较差,东边拼拼，西边凑凑。,0.36126215600430334
85,一个好维,还行,LUXE提前场｜一种奇怪的自恋感挥之不去。老太太死了家就散了，确实,0.8302355595468139
86,Tyger Tyger,还行,"这部片子的唯一窍门是以伪纪录片+花絮的组合悄悄为大众，首先是为导演本人，卸下了伦理担负。银幕上下，我们在扮演从未见识此种伦理悖谬的“伪震惊”状态上达成了共识。“为什么你十年都不回来？”，答案，我们都假装不知道。
毋庸讳言，本片的形式远不是“有意味的形式”，这次的两段体，基本是无从整合出一个有效的呈现形式之下的临时搭建。让我感兴趣的是事情的另一面，一位当下颇有影响的剧情片导演面对日常困境的无力感，佐证了当代喜剧类型的出产动力基本来自对现实的规避而非对生活乖谬的解构。

",0.9999999999999136
87,内陆飞鱼,2021-01-30 01:29:02,有电影资料馆沙处出镜的片子，必是佳片。,0.8465035993706076
88,Aaltopius,较差,影评人评分和院线排片证明大鹏人缘不错。同是家庭纪录片，不如《四个春天》，甚至不如《小伟》，大鹏自己在片中分量过重，和刘陆像两个演员飙演技。,0.9999310630768359
89,YiQiao,很差,真诚果然是非常难得的创作态度 在这部导演或觉尤其真诚的作品中我丝毫没有看见这种让人心动的态度//甚至从片尾导演对于奶奶的情感更胜于对三叔今后未来的关心而三叔才是前半段的主角//以致于我认为导演包括他的家人都将自我藏匿于一种莫名的虚伪之中 他们粗暴且迂回并确切相信自己所说都出自真心//无论是影片中的家人演员与观众还是影院中的观看者被自视甚高的导演所消费 说来也令人不适//或许导演认为看与被看的关系是可以轻易拆解的 那么我倾向以为他对于他所谓的电影的理解仅仅是简单的家庭影像记录和拼接//也可能是导演确实真诚剖解了自己 而他本人正是这样迷茫恍惚自以为是且虚假不自知的人//最好的场景出现在关系紧密的非职业演员在假装吵架的年夜饭桌上真情实感地争吵 代入角色的演员情绪崩溃而角色原型似乎对周遭充耳不闻地沉浸于自己的虚拟世界,1.0
90,唉唉唉德华,力荐,戏剧以幕布隔开舞台前后，那么电影呢？《吉祥如意》显然已经无法以传统的电影类型界定，在一定程度它实现了台前幕后这般剧场式空间的双重展现。不同的是，不是以空间为线索，而是由电影特有的时间顺序，以及导演自身的情绪作为引导。这部片最特殊之处在于它既是结构上对传统电影的颠覆，又是导演最私人的情绪捕捉，这两点的交汇以为了这部长片的特殊性与不可复制性。我其实一直很好奇后半段所谓的“如意”，到底是如了什么意？如了谁的意？我心里有两个答案，我希望如得不是天意。,0.9999999999999867
91,seamouse,力荐,《情诗》和这部“怨岁片”《吉祥如意》的出现，让长期以往的纪录片剧情片边界不但被打破，甚至还让观众发现再纠结于这两大类不再有意义。从此，作者的表达可以更个人，早已被穷尽的形式又出现了新突破。这个层面上的突破，远比大鹏个人标签的突破更为重要。形式之下，从冯小刚开始贺岁了那么20多年，突然来个难看撕裂并呈现家庭丑陋面的“怨岁片”，也实在值得称道。至于这是真实的力量还是结合了虚构表演的被干预之真实，就显得不重要了。片中也说了，迷信点看，会不会是这部片子的拍摄，让奶奶这颗家庭大树永远倒下、猢狲散尽；现实点说，也因为这个纪录片，片中亲人才能最后一次聚在一起，开始一场真实切肤的Dogma95式“家宴”表演。,1.0
92,黑狗成,2021-01-28 16:19:03,大鹏是发展到他那个知名度的内地影人里第一个这么搬用独立电影思维去展示野心的，也得承认他确实比很多独立导演强，但听到他映后明确说之后回去搞喜剧，可以确认这仍然是比较直白消耗亲缘关系的一次有预谋的意外，表姐在片中的状态说明一切。,0.9999797256737383
93,Enlightening,推荐,在走进影院之前，即使已经看到许多褒奖，我依然很难想到中国现实主义电影的历史会就此被改写，并且这一创举竟是由大鹏做出的。作为成长并受惠于互联网时代的导演，大鹏对电影两段式架构的想象力并不让我讶异，真正触动我的是《如意》对电影创作机制的复现和意义的再造，都成为《吉祥如意》“不经意性”的某种雄辩自证，这已然触及到现实主义电影和作者性的灵魂：不再是“造梦”，而是“圆梦”——将摄影机对准自己的亲人，把极其私人的经验和情绪向观众娓娓道来，是多少导演未能完成的银幕之梦。作为丽丽“替身”的刘陆同样探索了表演的边界，所谓入戏，正是“我”的幻影介入他者的生活，对“家”和苦难的感通让她无法再以演员的旁观者身份无动于衷。当迁徙的忧郁、离别的挽歌在城乡中国回响，我们需要这样的电影。,1.0
94,萨库拉,推荐,口罩都哭湿了……那场年夜饭，明明在千里之外，语言相异，问题不同，但感觉就是在我自己家里发生的。然而所有人工的部分都比不上真实的部分，让一个从业者怀疑剧情片跟纪录片的力量相比简直不值一提。@SIFF,0.9980356351946243
95,汪金卫,力荐,【上海电影节展映】短片《吉祥》+幕后花絮《如意》组成这部“吉祥普拉斯”。荣获金马奖的《吉祥》已是实至名归的惊艳之作，模糊了纪录片与剧情片的界限。而此片则更向前迈进了一步，跳出了第四堵墙，用镜头审视导演自己。当雪地中独自前行的吉祥那一幕场景随着摄影机的拉远，缓缓过渡到中国电影资料馆的1号厅大银幕上，那一刻焕发的神奇魔力注定让这部电影载入华语电影史。我甚至看到了坐在资料馆观众席上的自己，惊讶之余感慨不已。至此这部作品才呈现了导演的完整构思意图。结尾的DV片段是点睛之笔，逝去的姥姥永远定格在画面里，这就是摄影机的珍贵意义。家庭成员的悲伤、纷争虚中有实、实中有虚。王吉祥曾经的顶梁柱往事与当下的糊涂、落寞呈现强大的情感张力。文武香贵，找妈明早，吉祥如意//20200822在资料馆银幕上看资料馆银幕,1.0
96,塔塔君Minkun,较差,其实解不解构、新不新颖又有何意义呢？电影院那一场“戏”，大鹏望着放映自己拍摄的影像的银幕，也自知身后就是他亲自安排的摄影机。唯独不叫戏的，就是真假丽丽巧合同场并卸下防卫那一瞬间的力量。自恋者的自我反思，终究只是拍给自己看的porn。,0.9999350961862113
97,余小岛,还行,吉祥是一份真情，如意更像是一场阴谋。电影本来就是一个谎言，何苦再拍一部电影，用一个谎言去揭穿另一个谎言。,0.9999987545370808
98,科林,推荐,单看这个故事，就是大鹏家人亲戚生老病死的百姓情长，是拍不出戏剧冲突的。用伪纪录片的形式来拍《吉祥》，赋予了真实性和代入感，其终点也就贾樟柯《二十四城记》的水平，可能效果还没那么好。而《如意》所记录的拍摄幕后则意外地提升了前者的纪实性与共情力，更进一步地把观众拉回影像中的现实，而非在影像外旁观和抽离，这是高明之处。当你涉入创作者的情感中，后又让你以第三视角去见证，结果却更深沉次陷入他的内心里。你会发现，所有的戏剧冲突、矛盾挣扎、心酸苦楚，全都其义自见。,1.0
99,牛奶很忙,还行,因为胶片的采访对这片期待巨高，我记得采访中大鹏介绍了拍摄过程“再拍不出来就要死了”，心说这么大能量，还有实验性，不容易。带着这种心态看，从头到尾无法入戏，对于创作意图的前设认知。让我用太多精力揣度感情会不会是编排的，大鹏的反应是不是表演的，文武香贵的行为会不会是迎合镜头伪装的，我对于角色的道德审视会不会是导演预设的，甚至葬礼会不会是一种民俗奇观展示……太多戏外的设计削弱了我对于真实的感动，更不用说对于现代生活和家族传统的矛盾的共情。电影里很多发生过的细节应该会很感人，只是实验性本身已经把我隔在了门外，像玩手机的真丽丽一样，对真实的感情提不起劲,1.0
100,zzy花岗岩,力荐,作为一个土生土长的东北人，看本片时相当有共鸣。观影途中几度落泪，让我想起了前年爷爷去世时的情景，与本片中的部分情节尤为相似。大鹏将吉祥与如意合二为一，将剧情片与记录片的形式来回翻转，既是旁观者又是参与者，同时也是记录者。生活中的戏剧性贯穿于电影的戏剧性中，大鹏的这次尝试给我很大惊喜~,0.9999999999455711
101,罗罔极,力荐,《煎饼侠》我给1星，《缝纫机乐队》我给3星，《吉祥如意》我必须给5星。大鹏的成长太快了，从劣质的网大导演，到合格的商业片导演，再到优秀的艺术片导演，他只用了7年。《吉祥如意》的好，我甚至不知道该怎样用语言去表达出来，因为在这样一部作品中，讨论情节、类型和拍摄手法是没有意义的，那些东西都太片面、太狭窄了，而影片带给我们的情感和反思则极为旷远，当三舅哭着说“明早找妈”时，他的内心世界是什么样子的？丽丽看似冷漠，但她这半生又经历过多少苦难？从影厅走出来之后，诸如此类的回响并没有中断，让我这个同样在东北农村长大的孩子彻夜难眠,0.999999998294786
102,牛奶很忙,还行,因为胶片的采访对这片期待巨高，我记得采访中大鹏介绍了拍摄过程“再拍不出来就要死了”，心说这么大能量，还有实验性，不容易。带着这种心态看，从头到尾无法入戏，对于创作意图的前设认知。让我用太多精力揣度感情会不会是编排的，大鹏的反应是不是表演的，文武香贵的行为会不会是迎合镜头伪装的，我对于角色的道德审视会不会是导演预设的，甚至葬礼会不会是一种民俗奇观展示……太多戏外的设计削弱了我对于真实的感动，更不用说对于现代生活和家族传统的矛盾的共情。电影里很多发生过的细节应该会很感人，只是实验性本身已经把我隔在了门外，像玩手机的真丽丽一样，对真实的感情提不起劲,1.0
103,20个小明≯,推荐,戏剧与现实的完美结合，有些画面绝到人为设计根本无法企及……年夜饭那场戏堪比色戒里的麻将局……现实困局之下每个人的立场主张反应都绝了，窒息到如芒刺在背根本不忍直视……,0.9943876956105069
104,西米白,推荐,1）20几岁的我可能会指责真闺女在玩手机，30几岁的我仔细思考，为什么她爸傻了还可以离婚，她爸为什么是净身出户，她爸到底做了什么？2）我有一个远方亲戚也是像爸爸这样的智商只有几岁。他女儿也是刚成年不久或者快成年，爸爸也是突然生这样的病。当时的感觉她把所有的感知都封闭起来为了保护自己，像片里的亲女儿。你们都不是她，不知道她经历了什么，没立场站在高处指责。3）说丽丽把她爸接走的更是纸上谈兵，他爸生病时丽丽16岁，26岁独立，他爸离开小村子到大城市根本无法生活，上午你出门上班，你爸还在荔湾出租屋里。下午你就天河满大街找爸去。出租屋里你爸一嚎，邻居就来不停投诉，没法上班，全职照顾都困难。还想职场是上升空间996？吉祥只能呆在他熟悉的山村，丽丽最多多回去看看，多给钱，那不然咋办呢？接不去大城市。,0.9999908403330757
105,洞🕳️,还行,大鹏的加拿大鹅跟“文武香贵”一样令人印象深刻……,0.9626762243281168
106,无糖吐槽,还行,＃SIFF23＃no.5 从剧情的《别告诉她》和纪录的《家庭会议》，再到虚实模糊的《吉祥如意》，这些电影共同构成了中国家族面对伤痛与离别的多面体。《吉祥》的片尾 Zoom Out 划入资料馆的银幕，混沌的部分结束，就化作了真实的《如意》，坠入彻底的现实，变成创作的自反，却没能把握真实与虚构之间隔离的强度，但大鹏幸运地把握住了这场完美的天意。在此意义上，《如意》是给优秀的《吉祥》拖了后腿的。不过，最后一个镜头还是很妙，原来摄影机拍下的所有的吉祥如意，都是 12 年前的命中注定。,0.9999999999999172
107,Enlightening,推荐,在走进影院之前，即使已经看到许多褒奖，我依然很难想到中国现实主义电影的历史会就此被改写，并且这一创举竟是由大鹏做出的。作为成长并受惠于互联网时代的导演，大鹏对电影两段式架构的想象力并不让我讶异，真正触动我的是《如意》对电影创作机制的复现和意义的再造，都成为《吉祥如意》“不经意性”的某种雄辩自证，这已然触及到现实主义电影和作者性的灵魂：不再是“造梦”，而是“圆梦”——将摄影机对准自己的亲人，把极其私人的经验和情绪向观众娓娓道来，是多少导演未能完成的银幕之梦。作为丽丽“替身”的刘陆同样探索了表演的边界，所谓入戏，正是“我”的幻影介入他者的生活，对“家”和苦难的感通让她无法再以演员的旁观者身份无动于衷。当迁徙的忧郁、离别的挽歌在城乡中国回响，我们需要这样的电影。,1.0
108,sparklingwine,较差,文青俯瞰下真实生活然后自我感动觉得自己是艺术之光,0.9997108480424461
109,萨库拉,推荐,口罩都哭湿了……那场年夜饭，明明在千里之外，语言相异，问题不同，但感觉就是在我自己家里发生的。然而所有人工的部分都比不上真实的部分，让一个从业者怀疑剧情片跟纪录片的力量相比简直不值一提。@SIFF,0.9980356351946243
110,德卡的羊,还行,65/100，感觉大鹏可能是看过洪常秀电影的，《吉祥》→《吉祥如意》某种程度上像是对洪氏结构的回应。可惜之处在于，因事件发生的真实性而蕴藏的潜力，被进入后半段时需要去深入解构时的怯弱态度消解了。那么，后半段存在的意义就不大了，无非只是陈述了这一切的缘由而已，甚至可能显得矫情而自恋。但不管怎么说，最后那粗糙的DV影像是动人的，稍微拯救了本片。,0.9996031472015935
111,莫奈,2020-08-22 15:24:04,是对现场所有观众的一个谴责，看前半部分是在别人的故事里痛哭流涕，懊悔下跪的丽丽。离开电影院，是十年不回家，低头玩手机的另一个丽丽。创作者介入影像，形式并不算创新，优势是纪录部分足够真实，突发，表达部分找到了和形式结合得起来的立足点。但这个表达太浅了，导演看起来没什么野心再面对更复杂的表达，毕竟自己不也是只能躲在姐姐身后。,0.9999860428766346
112,科林,推荐,单看这个故事，就是大鹏家人亲戚生老病死的百姓情长，是拍不出戏剧冲突的。用伪纪录片的形式来拍《吉祥》，赋予了真实性和代入感，其终点也就贾樟柯《二十四城记》的水平，可能效果还没那么好。而《如意》所记录的拍摄幕后则意外地提升了前者的纪实性与共情力，更进一步地把观众拉回影像中的现实，而非在影像外旁观和抽离，这是高明之处。当你涉入创作者的情感中，后又让你以第三视角去见证，结果却更深沉次陷入他的内心里。你会发现，所有的戏剧冲突、矛盾挣扎、心酸苦楚，全都其义自见。,1.0
113,Nancy,推荐,吉祥 无非是生活最真实的展现，吉祥+如意则进升至导演最真切的表达。果然，艺术来源于生活。,0.9999971475984805
114,电影幕后故事,推荐,影像与现实的互相成全，影像与现实的互相打搅。我其实有看多疑问，但是我能确定的是，这是一部很先锋的电影。非常值得一看。尤其是大银幕。,0.9998428387047613
115,汽车大师,推荐,摄影机总得停；看完出来走过一个隐秘角落，有个牙掉了不少一脸懵懂的老年人在暗处尿尿边扫了我一眼，突然一阵心酸,0.9678168104908584
116,Morning,还行,两星。不喜欢且到了生理级别，短片的部分很真实，无论这事情多么常见，都在银幕中看见真实的“表演”就更凸显真实的重要性，但刘陆有一些表现得略微尴尬（提前知道她是职业演员的情况下），还有我依然觉得要适当的运用结巴和真实表演的关系，这里面的素人的结巴时常非常严重，也凝滞了整个信息的输出。接着就是我讨厌的第二部分，太强调我的存在，因为这个存在给整个电影的存在带来的质的改变，我个人喜欢去我的创作，因为故事是故事的本身，而不是非要看你怎么说，虽然创作解决的是我与故事之间的关系，但这个电影里它失衡到我觉得很诡异，大鹏有许多我不太喜欢的表情，我很难将它归类是表演还是什么，还有什么要拍下天意这样的话，天意可纳可受可得，我想就是不能创作者有些盲目的去说去拍。是机巧的结构设置，但同时也令我思考了电影存在的必要性。,0.9999999999553308
117,永鶴,还行,细想还挺冷漠的，导演或是记录,0.9394432668495144
118,秋库布里克,推荐,看完《吉祥如意》，我相信大鹏是个真文艺青年了，本想记录一次家庭春节却意外遇上姥姥去世，最后变成了这么一曲戏内戏外都令人酸楚的中国式家庭悲歌。当失去家庭主心骨后，亲戚间的客套与温存就像积雪一样慢慢消融，露出难看的灰黑色。一场跨越银幕内外的亲情关系解构，令人唏嘘。,0.9999999987830661
119,眼睛瞪得像铜铃,推荐,"7.0/10
两年前抢到了北影节的票，见证了《吉祥》的内地唯一一次展映，想不到竟因此出镜在了《吉祥如意》里。看罢，兴奋地对朋友们说，自己“误打误撞”进了本片的“片场”，意外跑了“龙套”。从这语焉不详的实话中，足以见得本片的魔力。说到底，若论起片子的实验性，恐怕就属我们这些意外活在银幕上的“观众”最有发言权。",0.9999999978500569
120,南悠一,还行,“吉祥”和“如意”如此衔接可谓巧妙。看《吉祥》时我会觉得“差一口气，导演还没真正跳出来，讲得也直白，缺少某些更深层次的审视，进而在技巧上缺少独特性”。导演一定是看了太多贾樟柯等国产艺术电影，并试图模仿。本来就够直白，看到《如意》还要再点一次题，对我个人的观影体验来说有些乏味。某种程度上，“如意”是没必要的。,0.9999999997679931
121,William H D Lee,推荐,诸位所说的形式上的突破，阅片既多，遂无感。对农村的表达不是“真实”，而是“认真”。当年大佬来学院讲座所说的：中国社会组织形式的加速变更。在这部电影里倒是看到了，老人没了，便散了。 三星半，如果代入式观影可能分更高点。然而中国太大了。不可能每个故事里都有你和我。,0.9999917213657444
122,tankry,力荐,这几年只要有不错的院线片，我都会给父母买票让他们去西宁的影院看。今天电话里问到最近有什么好看的电影，我却不敢说自己刚看到同他们的生活如出一辙的故事。除了见证一种天意，我们再无可为。,0.9863082831655146
123,Chris  一切由无聊开始,较差,因为对影像和表现形式的突破一直是我看电影时非常看重的东西，所以对这个“真假相交”的片子有期待，也着实被《吉祥》中的一些细节打动，看到很多家庭的影子。但最后是失望的，且越想越觉得片子不行。从《如意》中感受到一些让人不舒服的东西，原本以为真·假的设计会凸显诚意，却让我看到了一些他对这个家庭的预设以及为了成片的刻意，真人丽丽的感情被完全忽略了，没人在意，甚至用第三方的主观臆想去替代。王吉祥老人全片似乎只有他是真的，但内容的真假其实不那么重要的。因为片子是假的，导演的表达是假的，不由衷。这种花里胡哨的形式，对我这样的影迷毫无用处。群友说：大鹏的文化落后赶不上他的聪明,0.9999999999974303
124,獨孤島主,较差,《吉祥》很棒，可惜都被《如意》破坏了。不是很能理解一切形式的消费自家具体身心苦难的行为。把“叙事”和“引导观众观看叙事”这两块拼在一起就不是什么伪纪录片了，是人血馒头。,0.9999502754055187
125,居无间,推荐,非常惊讶，大鹏竟能拍出如此新锐、如此与众不同的作品。甚至可以说，在国产片维度，这样的尝试堪称一个创举。影片可以说是三次层层深入的「关照」。其一是对家庭的「关照」，《吉祥》用模糊了纪录片和剧情片界限的样式去呈现亲情的碰撞，张力十足，让我想起了黄健中的《过年》。再看“吉祥”这个片名，更耐人寻味；其二是对电影的「关照」，《如意》更好了，进一步来展现《吉祥》的诞生过程，这是对电影边界的探索，也是对生活的解读；其三是大鹏对于内心的「关照」，他敢于记录和剖析家庭的真实变故，并不断设法应对。这种态度无比勇敢。,1.0
126,神仙鱼,还行,一二四五，文武香贵，缺了点什么。以直接的感受说，摄影机背后的人如意（地走到镜头前）了，银幕上却少了吉祥。《吉祥》是以剧情纪录真实，《如意》是以纪录遮掩表演。最终像那一幕，扮演庆丽的演员深陷其中，真实的庆丽在一旁无动于衷。《吉祥》中的庆丽显得格格不入，除了十年没回家的疏离，还有虚造的表演在真诚的现实面前的无所遁形。有点希望能再拍一个这一切过后的关于这个家族的纪录片，卸去所有的刻意和伪装。,0.999999999999444
127,一枝酒,较差,明摆着赤裸裸的操控，毫无诚意，仅有存在的真实也都被自恋拉远，这实际上与某些片子一样，对不同观众群体的情绪的玩弄，笑与哭的对位干扰人们对亲情的判断。,0.9999090100328555
128,东北洪常秀,推荐,不大鹏，很董成鹏。一点点剖离出东北虚伪的家庭面貌和无解的人生，值得看看。,0.6677127530430689
129,给艾德林的诗,很差,十年不回的真诚诘问大抵是没法虚伪回答的实在穿屏之尴尬，反正不在尴尬中虚伪，就在虚伪外尴尬，充分暴露北京成功大明星人士-董成鹏/东北亲族家外孙子诶-董大鹏/成功“晋升”文艺大导-大鹏三位一体 吊模吊样的投机本质的一部真诚片。,0.0009913562148154975
130,鶩習,较差,两星半，hypocrite🙄,0.04107643138962824
131,喵老师2333,还行,吉祥还能吉祥，如意真不如意。精心算计的东西如果还是这样浮于表面，我依然对大鹏生理不适。大鹏的金马奖真是他姥姥送他的，后半部分完全暴露了他离金马很遥远的事实。,0.9869364515514282
132,三宅唱,力荐,回到这儿就变成了全部 简直就像两个人,0.19987150252735908
133,JeanChristophe,推荐,"通化城区及其南部辖区(通化县,集安)的口音怪腔怪调,句尾有微妙的奇异顿挫[听最后大鹏怎么说""北(béi)京(jìng)""这个词],梅河口来的听不懂,长春或白城的会忍不住笑.因此女演员第一句话就在韵脚漏了馅,可这没关系,她和摄影机让天生就是演员的东北人兴奋! ""外人""只会催化那些告白与争斗,所谓""元电影解构""显得无必要,无趣又无力.看看拍到了什么:""吉E""的中心医院急救,集锡线全是山路,地里净些苞米荄子,小前儿贼喜欢坐个塑料布往坡下出溜,颠得屁股疼.奶奶走了,大爷要摔破一个瓦盆;也点上纸人纸马喊""西南大路光明大道"",我捧着爸爸照片不许回头.这是他的故事还是我的故事,三年前,八年前还是十年前？我想在影院大哭,改掉了的怪口音找不回,带怪口音的死城回不去,清河镇会有人看这电影么？他们连夜打包蔬菜.",0.9999999986317587
134,P.T.,很差,春节是中式家族内部矛盾爆发的高峰期，不假。但用半演半记录的方式呈现出来还是挺不伦不类。虽然纪录片是有选择地讲述，但不代表它可以被套演——即便背后指代的是真实情况。这个意义上来说，前半段调戏观众情绪，后半段还恬不知耻用花絮形式说明自己如何调戏，既不专业，也玷污了“纪录片”这个词。,0.9999999997125313
135,Derridager,推荐,一个训练有素且离家日久的电影人试图捕捉自发时刻，却被真正的自发时刻（阔别十年的女儿返乡与意图摄制的主角离世）捕捉的故事。家乡作为电影人和游子的双重他者，在使人困惑之时，也让人反思。由此，整部电影散发着难以安定的气质，却意外地接近了真正的纪录片（或者说，接近了真正的真实）。因为创作者已经没有能力掌控整部电影，影片的不安定折射了人的不安定。同时，原本一家人以创造自发时刻之名“团圆”，也在真正的自发时刻中明白“团圆”何意以及何以“团圆”，从而（更多是）无意地解构了春节团圆这个约定俗成的习俗及其营造的自发假象。一部真正适合在春节阖家观看的电影。,1.0
136,岩井俊七,还行,借讨论三舅的“未来”彰显出的非常中国特色的微妙心态很有典型性，借鲜明的“自反性”招式呈现的结构特色相对而言也算是比较新颖的，但是看到最后感觉这份自反显得有点偷懒，实际上达到的效果怕是也与作者的意图背道而驰，向女演员解释自己这部片的不可预料，为之前的刻意做解释，反而更显牵强，因为这明明是在混淆，奶奶的事确实是意外，但你拍片的核心是三舅，三舅的情况是确定的基本是可以预料的。抛开所有的技术型问题，只是单纯地去感受电影，也总有几分本能反应的不适感，从生活背景和经历提炼自己的艺术风格与作品是一回事，伺机达到某些目的就是另外一回事了，这些道德层面的困境，人后千般磨难旁人是看不出的，不该随意评判,1.0
137,吃胶片的考拉,推荐,非常奇妙的叙事结构，虽然在国外的电影中有先例，但又不完全一样。大鹏用嵌套的方式同时拍了两部片子，特别是当两位丽丽同时出现的时候，让影片有种演出来的真实，但又绝对真实的微妙感觉。大鹏用镜头传递出了非常真实的情感，这是真实人物的优势，但也取决于导演和剪辑精准的取舍。吉祥如意足够动人，不仅仅是因为有非常容易进入的共情体验，也是因为他是一部优秀的电影。,0.99999999999943
138,熵,较差,"第二部分 我就想说 你装什么b？观众提问你作为一个商业片导演为什么拍这个？你陷入沉思妹妹问你什么时候开始抽烟你陷入沉思演员问为什么十年没回来 你又陷入沉思就凭你参加综艺暴露的那点情商 你还在这装文艺 ",0.9999987237362286
139,跳脱的指示剂,力荐,在除夕夜的鸡飞狗跳中独自出走，手足无措的站在篝火旁看着孩子们嬉闹，世界好像不懂他的孤独。茫茫大雪中一直漫步，却再也找不到回家的路。,0.9999995979133554
140,文森特九六,推荐,不提阿巴斯们，我相信大鹏这一次的追求和表达是发自内心的。短片前身已因其独特性而早已具备足够用来挖掘和讨论的层次，“如意”对“吉祥”的补完又是极其飞跃性和颠覆性的，将后者的潜台词放大再造，变成更神秘而虔诚的多重反身与平行记忆。整部电影的诞生充满着宿命的安排，又是同宿命的交谈，大鹏对自己既往形象和作品的突破，又好似是只能在镜头中重新树立的另一个自己，现实中更多反而是无可奈何的不可获得。亲情与家庭，血缘和孝敬，在这座叙事的迷宫中褪去单次元的外衣，用表演击碎了表演，用虚假战胜了虚假。创作者顺势借用了这次事件，修复了找寻，直面了内心，而又从中寻得批判与歌颂的真实触感，并以自己的方式深深影响了自己真心关怀的人，从活着的，到死去的。注定会是一部在主流层面上掀起更多浪花的作品，它足够惊艳、有力、真诚和动人。,1.0
141,林春娇,很差,这明显不是为了打破电影的创作形式，明明是素材不够的堆砌。大鹏导演真的是才华不够自恋来凑，从头到尾没有一丝悲悯之心。第一次看电影看到愤然离场。我国导演总是把文艺片和乡土题材片冒然划等号，太荒唐了。,0.9999985882426836
142,金丝龙胆,很差,如意拍出来 纯粹是为了给自己贴金，告诉大家我贼孝顺，我是搞艺术的，我很深沉。。。。,0.8814989991497288
143,棒棒,较差,影片的商业价值大于对姥姥的感情…,0.8134151111216565
144,次等水货,推荐,很好很特别。对于普遍的观众而言我觉得说它是电影不如说是影像，它在拍摄之初就有创作者一定程度的人为干预，最终纪录片和剧情片的边界在这个作品里变得非常模糊。真实结合虚幻，两者碰撞创造出的情感有种特别的力量。很多家庭的真实写照在无意间被展现了出来，这种无法伪装的情感真的很打动人。,0.9999999999999989
145,狠狠红,力荐,在电影院看了一半就冲来打分。这也太好了吧，惊人之好。,0.6104227606420917
146,sorrynotsorry ,还行,结构挺有趣的，但没有真正成为叙事的一部分，《如意》对于《吉祥》做了些补充备注，但仅止步于此。,0.9990053449540777
147,王蛋清·傀,力荐,"毫无疑问，大鹏用第三部剧情长片证明了他是中国当下非常有想法的导演，通过一场家庭会议的呈现，描述了无数中国式的家族关系和情感表达，在东北的皑皑白雪中完成吉祥如意的心中默念。
《吉祥如意》也毫无疑问会进入2021年度十佳华语片的行列，并以此形式影响很多年轻人去开掘“家庭影像”的更多可能性。
电影分为两种：一种是现实纪录，一种是戏剧，但最终到达最高级的层次时，它们便合二为一，电影通过现实纪录，会形成戏剧的结构；又通过戏剧的想象和虚构，抵达生活的现实。《吉祥如意》不是《吉祥》连续剧，也绝不是拼贴的虚实结合，它是身边事和再解构的融合，它的伟大之处在于，导演用影像的方式带领我们如何一次次地从现实到戏剧再从戏剧中回到现实。",1.0
148,宋雯婷,还行,有一些抱歉。对于这样一部真实的片子，我不认可它的真诚。反而觉得伪善。可能我对于表演太敏感了，前半段刘陆的表演和后半段大鹏的表演，都让我感觉到一种“对于悲痛”的粗鲁的展示。我这样说可能也很粗鲁，我很抱歉，但是这就是事实。刘陆对于那个女人的反感，正如大鹏试图去讲什么天意。都是极其表面的自作多情。实际上但凡大鹏再好好拍拍那个原型人物，而不是批判她，我都会改变我的看法。因为他太多的价值判断，太多地立场选择，而没有真正的悲悯——真正的悲悯是走进她人的无情，寻找那个“无”的原因，而不是给一个镜头让观众瞧瞧，我多有情，她多冷漠。这太粗鲁了。这个片子前半段的三舅是多么精彩，可惜全被导演的自我感动破坏了。真的很可惜。我现在理解了大鹏为什么要“站小四”，因为这就是他所理解的世界：必须站队。唉。,0.9999999999999818
149,西帕克,推荐,一个家庭已然消亡，但幸运的人可以永远活在过去。影像纪录了下这一切，在导演大鹏和演员大鹏之外，我们在最终那一小段家庭影像中，终于看到了另一个作为孙子、外甥存在的董成鹏。这才是一次完整的自我解构。,0.9999999597478032
150,朝阳区妻夫木聪,推荐,#siff2020# 是解构也是重构，是宿命更是天意，生活中很多问题找不到答案，就算找到了可能也忘了自己当时为什么会出发了。当过日子的人开始“假装”演电影，当演电影的人开始认真过“生活”，谁又借谁的口说出了那句或有心或无意的心里话？一部难以被借鉴的私人作品，情感却又好像充沛到可以击中千万个“吉祥如意”的家庭。恭喜大鹏，也感谢大鹏，他做了我想做却一直不敢做的事情。,0.999999851422945
151,Mr.Elect,还行,金鸡看的，电影和纪录片融合的形式不错，但是觉得大鹏对乡土中国的思考不足，对血脉纽带下的乡村变化想的不够，如果想拍社会类题材的，或许可以多读读书，片子不太有深度,0.9999991208742548
152,老中医看电影,还行,这部电影说是纪录片，却有演员，说是电影，却是真实的事情，大部分演员是大鹏自己的亲人，女主丽丽不是自己演的，这是一个很大的败笔，对于亲人那种真实的血浓于水的亲情表现的很一般，正因为是一个演员演的，其他人对于他的感情才不能像自己亲人一样，电影几乎是没有剧本的，除了女主的部分，还有就是第三代人除了女主丽丽，没有一个人出境，让一个家庭失去了一些热闹的场景，整片前段三舅虽然精神出了问题，但是对于妈妈的爱还是非常的深，在妈妈去世后，三舅哭了，竟然这个场景没有出现在第一部分，而是在第二段，让原本三舅和母亲的相依为命的这种感情黯淡了很多，电影中几乎围绕着一家人展开，从三舅女儿开始一直到奶奶去世以及三舅的赡养问题开展，其中最令人深刻的就是，树倒猢狲散，以后不会再这么团圆了，中国的农村血缘关系确实如此。,1.0
153,蒜 | BOY A✎,推荐,补上后面的“如意”部分，整部片子的立意被提升不少。镜头前展现的故事，摄影机背后记录的现场，创作者的个人感悟，被揉捏到一起，时空交错，思绪万千。所有镜头前呈现出来的问题，都没有直接给出答案，答案在每位观众的心中。这种打破次元壁的镜头语言，真心佩服大鹏独到的创作手法。,0.9999999999996916
154,直树植树,力荐,08年小视频很有灵性,0.8446236864240935
155,意识流螺丝刀,还行,3- 给三星的缘由是确实被作品的情感触动，然而导演的叙事设计实在愚蠢至极。吊诡的是，导演在竭力围绕“摄影机所见不可为实”这一伪命题构建叙事奇观的同时完全忽略了一点：作品的动人之处全部都是摄影机直接捕获的，同这个精心营造的“套娃”结构全无关联。成片基本是将电影的概念偷换成了“假作真时真亦假”的闹剧，在作无谓延展的同时也取消了影像本身情感厚度的有效性---实则极其幼稚。完全应该摒弃这所谓“反思”回归情感本身，更希望看到导演对当下农村家庭现状、或是对自己无力完全借由影像媒介把握复杂情绪的真挚而坦诚的求索，“纪录”同“虚构”本就不是全然矛盾的。,1.0
156,鲸鱼殿,力荐,看完希望大家都能想起老家那个等着你逢年过节回去一起喝两杯的“三舅”，也希望大家都能在外独自打拼的时候吉祥如意。,0.9489387087466951
157,sTill-Life,推荐,将摄影机对准自己和亲人是很不容易的事，同样带有“剥削/消耗”的意味，《吉祥如意》比《情诗》真诚得多得多。纪录片/伪纪录片因为意外带来惊喜、因为真实带来思考，考验的是创作者的“人格分裂”能力。很难，但大鹏做得不错。,0.9999999999832856
158,费尤,力荐,#内容过于真实,0.26469815827227483
159,Mumu,推荐,以为是纪录片所以去看的，马上就发觉里面有演员，倒不是因为眼熟，主要是状态不一样。演员会本能地希望每一刻看上去都是有意义的，其实生活中谁没有放空的时候呢？最有意思的是镜头里假丽丽替真丽丽道歉，镜头外真丽丽在看手机那一幕。假丽丽曾追问真丽丽十年没回去的原因，是演员在试图合理化角色没错了，当然观众也好奇，然而生活中常常没有因为所以只有既然那就……找不到动机，假丽丽就会显得戏剧化，就会让观众出戏，也会给纪录片加上个伪字。不过可能因为有了解构吉祥的如意，这个扮演倒也能自圆其说地多了一层皮儿，充当了观众的列文虎克。ps油田保安科科长权力好大的样子……是喝酒烧坏了脑子吗？感觉不是阿尔茨海默……（事先完全不知道导演是谁，要是知道，再加上这个片名儿，可能根本不会去看……）,0.9999999999444611
160,瓜。相信这个世界很变态。,推荐,"对这部电影的观感挺奇妙的，不知道这算不算一部自我保护式的伪记录，看完以后，有一点点被其中的真实打动，觉得无论是美好的情感还是现实的虚伪，都是平凡而真诚的。但最后，却又无法判断到底有多少是导演这个局中人的安排，因为很明显能从后半段看到大鹏的态度和意图，他对自己的保护，对庆丽的评判，其实都非常外露。
但是转念一想，这种情绪和意图好像又没什么问题，这种生离死别和家庭的琐碎，大概还是真实大于虚构吧。",0.9999999999980513
161,Feixiang,推荐,SIFF上海影城首映。从吉祥结束时的那个穿越镜头开始，全场观众都仿佛浸入了另一个世界，伪纪录的剧情与伪剧情的纪录虚实相接，不敢说这结构前所未有，但这绝对是你不曾见过的华语电影。亲人主题下的情感共鸣，在第二段解构之下愈显强烈，并在片尾点题瞬间无限放大。大鹏很诚恳也很低调，映后吐露了许多心声，却一直在婉拒观众的掌声。希望他能知晓，这部片子经得起所有的好评。,0.9999999999865536
162,肥鱼6688,较差,我没看出来大鹏想表达什么，可能就是想拍老年病人的养老问题吧。因为要拍电影才聚齐，自己安排放烟花，演员跪着给二大爷道歉，这些都是安排，和纪录片是相悖的。打个二星算是给大鹏点鼓励吧，起码愿意尝试点新东西。,0.9997368830796074
163,Pluto,还行,理解吉祥为什么能拿金马，如有天助的本子，编剧是老天谁比得过。如意有点打散这种神韵。,0.9417512809123134
164,朱熠,较差,伪纪录片形式和前后互文结构很有意思，但也就止于此了。家庭生态描摹很肤浅，专业演员在其中非常突兀，最后30分钟非但没有升华前50分钟，反而破掉了前半部的情感和思考，让整部电影显得无比鸡贼，又满满都是廉价的自我感动。,0.9999995074047225
165,La~jum~bo,推荐,【一场无法复制的成功的电影实验】如此精妙的设计，如此鲜活的故事，如此真实的生活。可《如意》一开场，资料馆观众一句“你一个商业片导演为什么会拍这种题材？”的提问之后，大鹏那个漫长的思考一下打断了我的情绪。他想得太久，久得让我觉得好不真实。之后接二连三地推大特写，他听着别人，一言不发，搓脸揉手，剥开了叫做“刻意”和“不真诚”的情感裂隙。从此我的观影体验就彻底崩坏，感觉那层层叠叠的摄影机如此冷冰冰，比大雪还冷冰冰。不过，饭桌吵架后，假丽丽情绪崩溃，真丽丽云淡风轻，确实蛮震撼。,0.9999999996362543
166,Aloysha,较差,"不诛心，但呈现出来的结果是导演的技拙远比初心更严重：它几乎是辅助观众向《吉祥》提出了难以回避的置疑。《如意》中刘陆跟王吉祥一样成为了观众共情的对象，甚至前者被剥削的程度更为明显。一个女演员在表演创作上的伦理冲突从头到尾都未被解决甚至关注。而兄长姊妹在《如意》中的“幕后流露”又恰好消解了《吉祥》“正片演绎”所打动观众的原始粗砺。所以对本片“提出真实与虚构的反思”的赞誉从何而来？有当下华语院线中少见的反思倾向，但为何不展开解释？
就本片而言，可能大鹏创作思路与导演能力的贫瘠才是我最不满意的。",1.0
167,进囍儿,较差,大鹏是最会骗的，屌丝男士骗来女士观众，煎饼骗屌丝观众，乐队骗情怀观众，每一部都在骗，这次叫吉祥如意，骗苦苦挨了一年的社畜进影院看了这么一部买了票就倒霉透顶的电影。吉祥如意都是大鹏的，被割被卖都是观众的。,0.7555871894987573
168,Jesse,较差,就这就这就这？看评论还以为我们看的不是同一部？能不能不要尬吹,0.14912319192469925
169,YthguaN,推荐,在资料馆看在资料馆看电影的电影 且不说这第四面墙已经被轰炸成粉末的纪实形式 影片中想要呈现的北漂们在外茕茕孑立 飘零得像个孤儿 而归乡后面对复杂的家庭关系 又无助又疏离的共鸣 才是真正戳人的地方 大鹏和丽丽撕碎了自己家的窗户纸 让我们能真实地看到这个人际世界里的巨大孤独 勇气可嘉,0.9999699407319562
170,birds,还行,更适合电脑屏幕的影像实验，不过而而的短片加上抖机灵计算的幕后，也没见什么高深的思考，有效的情感传达。大鹏太急于获得影评人的认可，那么努力，那么费脑筋。,0.999990689081385
171,可达鸭,较差,不喜欢《吉祥如意》。刻意，做作，虚假，自恋。创作者自己拍自己应该是拍自省，不是审视别人顺便表演自己的温情和空虚的感慨。 ,0.9999972003521923
172,可乐不加冰,力荐,这个故事的深刻性在于它揭示了东亚世界共有的家族现状。父母辛苦抚育子女长大，子女理应负有抚养年老父母的责任，但事实上，当子女各自成家立业，孤苦的父母可能落到无处可去的境地。这绝非子女丧失了东亚文明中极为推崇的“孝道”，而是因为公平与正义的问题。子女并非不愿意抚养父母，他们只是不想单独抚养父母，只是希望共同分担抚养父母的责任。而亲情上的分担，是极难公平的。,1.0
173,低首尘埃,还行,不太喜欢这个片子，也许是观众爱奇观的心理，逢年过节见惯的真实生活，放在大荧幕里看，觉得真实的同时又觉得哪里奇怪，这个技巧上的虚实结构，把影片切得散碎，反而破坏了沉浸感，大鹏入镜的自我陶醉感也略伤眼，感觉它不太像电影，而是VCR 合集。雪村至美，烟花灿烂，孩童玩闹，家人老去，大部分画面都是很美的，尤其是老人雪地独行的画面，每一步都是人生的果实。三星分别给风景人情民俗，入镜的导演团队真的很像在凹人设。,0.999999999999998
174,伊夏,推荐,一部反合家欢的春节电影，一部能够引发很多映后讨论的好片子。真假姐姐的表现，姥姥的冥冥护佑，三舅的“拖累”与“连接”……属于2021的“四个春天”，属于大鹏的，一生只能拍一部的电影。愿今年的东北，吉祥如意。,0.9999999533321735
175,CharlesChou,还行,很Raw，很暴击，后半段哭成了刘陆本人——但真的建议不要来看这样消费自己情绪的东西，我们都明白东亚性有多苦，受害者化视角和那所谓的「天命」多少还是虚伪了。,0.9891763503115767
176,假的塑料枪,推荐,看完不知道如何评价 太敢拍了 竟然是国内影院里看的第一部反身式纪录片？？,0.5680685782203359
177,一禾,力荐,金鸡展映提前看了这部片，电影后劲有多大呢？看完当晚啥都没干，光是想想我就又哭了一场。上次这么要命的，还是《四个春天》。和以往观众对“大鹏导演作品”的印象完全不同，哪怕看之前已经听说口碑不错，也绝没有想到会是这样震撼的期待以上！不是故事多精彩、技法多高超，它就是用最真实的情感和最直接的呈现，剖开了一个中国家庭的躯体，露出内脏，也剖开了观众的心。大鹏镜头下的所有人，包括他自己，都能让你想到自己的亲人和家庭。包括电影的上映时间——春节前两周也是个绝妙的选择，再合适不过了。祝福《吉祥如意》，回家前看过它的人都很幸运。,1.0
178,黄昊明,较差,导演究竟想创作什么？姥姥过年的家庭DV？然后你明摆着告诉我主角是假冒的镜头是摆拍的问题是预设的笑也好哭也罢争吵和亲热都是演出来的，你还指望前半部分的影像有什么情感力度？披着纪录片皮的故事电影？然后你偏偏让家人本色出演还不断强调自己从灯红酒绿大北京跑来关注老家纠葛特别诚恳特别真实？你真的关心吗？吉祥里面的演员女儿除了哑巴就是哭仿若白活三十六年，她的人物形象立得住吗？拍了磕头拍了葬礼表面上风风火火，结果深入里父女关系家族历史硬是什么细节都不展开也不追问，你哪怕给三舅一点实质性帮助我都觉得你真的把他当个人。我承认这个故事本身非常生活非常中国，但这部“电影”？可别再一边自我感动一边恶心人了。,1.0
179,kylegun,力荐,失智三舅将兄妹名字当成了口头禅，《常回家看看》挂嘴边；想为姥姥拍场戏，却成了家族人齐的最后一场聚会；局外人无法理解十年不归乡的亲情，将负罪心理戏剧化，又陷入家族卸膊困局，替自己所饰演的角色夸张磕头，当事人在隔壁手机刷屏逃避现实；戏外戏诠释着戏中戏，现实不像虚构，并没有太多道理可讲；捕捉到了无解的一刻，又重塑了和解的结局；在篡改历史的大环境中，艺术退一步，篡改一下自身的记忆；本片很适合这个回不了家的年,1.0
180,谢谢你们的鱼,力荐,绝对是年度最佳的电影，三大电影节水平的杰作 ，好久没有看到一个现实题材的电影可以呈现出如此奇妙的观感，并且在虚实结合的手法下带给人如此大的情感触动。拍摄一个短片，结果被无法回避的生老病死所左右，现实注入电影，而电影又影响现实，两个次元从碰撞、交织到融合，看完之后真的想家。,0.999999999990784
181,一口大井子,推荐,虽然有一定的心理预期，但看完还是难以置信这是大鹏的作品，无论题材和形式都令人惊喜，仿佛被打通了任督二脉，《吉祥》是他的家庭私人纪录，《如意》是《吉祥》的创作过程，前者忠于银幕影像，后者忠于作者自己，用一个从由影像到影院的镜头衔接两者，非常妙！过去这样的间离镜头是区别银幕内外的真实，而大鹏的这个镜头则是由真实指向真实，算是对传统格式的破与立。如果说过去的大鹏都是在捕捉和诠释小人物，这一次则更为准确地把握到了中国人的普遍性格轮廓，里面流露的情感尤为真挚，外婆的离世打破了大鹏的拍摄计划，生老病死是无常，但也是日常，充满况味。,1.0
182,不敢喝酒的狄奥,推荐,《如意》部分一开场，大鹏就在小西天屏摄！,0.5887086855888578
183,壹安²,推荐,【点映】跟随天意的拍摄，大鹏的私人情感表达。三叔的抚养问题和我的童年时家族里的经历太过相似，一瞬间模糊这到底是“纪实”还是“演绎”。这大致就是中国式家族了。,0.9999999661670906
184,牯岭街的罗夏,很差,短片是个好短片，电影不能叫电影,0.9161069907275193
185,团小纸,力荐,很难不相信这是一部接收了天意的作品。春节餐桌上吵架的戏我经历过太多次了，句句戳心，而且可以预见我未来还要经历一次，但没到那个时候就还是想假装忘了。太喜欢那个短片了，但最戳我的是最后08年记录的影像。,0.9928720579245837
186,孔府小鱼,推荐,看完只剩下沉默，这种观影体验还是第一次，不再能分清什么是生活什么又是电影，我们旁观的故事或许是某些人的人生一段。《吉祥》或许只是一部比较普通的短片，但《如意》把镜头扩展了，就让人啧啧称奇。而能够评判影片又该怎么评判生活，在大爷叔叔们为父亲的去向真的发生争吵时，身为女主人公的王庆丽在另一个房间看手机，丝毫不见她对这一话题的关心，而饰演王庆丽的女演员与她同处一室，却如同经历了自己家的一场争端一样疲惫。这种极致的模糊电影概念的电影，不论观众如何评价，可能也是留在电影史上的一笔痕迹。,1.0
187,耳曰,推荐,今天参加了盗梦和不散两个观影团的首映礼，很适合跟家人一起看的温情电影，很触动！期待大鹏的作品～,0.9999776079346221
188,已汪销,推荐,检票的时候，工作人员说：“这个特别好看。”,0.911551860910491
189,赤脚的石头,还行,上当，真的就是一个学生习作水平的短片，城里人找灵感瞄上穷亲戚，挤啊挤挤出一0.1分的感触，然后放大到12分，凹个深沉的造型，其实屁东西没有。后半部分的幕后也没有什么意义，唯一的点可能是真丽丽是个王8🥚+缺心眼？要转型可以理解，但这汹涌的赞美不知道有几分真，比起导演的真心哪个含水量更高,0.9992433729244897
190,Mintnotsmall,力荐,"考虑了很久还是决定给到五星。《如意》的出现打破了前述《吉祥》营造的模糊边界，镜头拉远，原来是另一个“纪录”。摄像机会改变被纪录者的行为吗？大鹏的动作表情有没有“表演”的成分在？我们都说不清，或许他自己也不知道。年夜饭那段争吵，二大娘冲出房间“拍什么拍，不拍了”，现实与戏剧又一次碰撞了，演员丽丽情绪失控不能自已，女儿丽丽面无表情云淡风轻，这一幕太精妙了，精妙到我错愕地下意识地去怀疑它的真实性；如果说演员让观众共情，那么女儿的“不近人情”更像是无数人或麻木或无奈的壳，“我说我妈，如果你还在他身边他会好一点”，可你为什么十年都不回来呢？没有答案。
这就是生活，生活里总有最弄人的剧本。",0.9999999999995026
191,一珍,还行,期待有点高了，不如四个春天。,0.9855715329012618
192,田小森,很差,大鹏傻逼，慢走不送。,0.21181550049358833
193,Sky,力荐,吉祥和如意，1+1>2,0.44767845850986676
194,iriselite,推荐,难得的一部记录个人家庭故事的纪实片，完全没有固定的剧本与台词，看似喜庆的片名实则隐藏着一个心酸的故事，三个月前我的外婆去世了，一看本片更加有代入感，不断地催泪。本片从一个东北家庭的故事折射出千万家的故事。,0.9999999749163662
195,Bork,还行,拍攝短片《吉祥》的過程中對大量幕後場景的有意識的採錄，顯示出導演對這樣獨异的影片結構早有思考、計劃和準備。《吉祥如意》和《四個春天》裏都出現了親人突如其來的亡故，並且此事件都成為紀錄電影敘事性的來源和故事的主要推動力之一。與後者的個人記錄不同，前者對葬禮和年夜飯大團隊、多機位的拍攝，多少有消費家庭的苦難與困境的嫌疑：坐在監視器後的導演帶著一絲狡黠的複雜表情，包括所營建出的入戲極深的“正義”的女演員和被推下道德懸崖的當事人慶麗之間的差距，皆可引出關於影像權力和倫理性的爭議。2021年2月1日17:35於CGV友誼陽光城3號廳。,0.9978527366740697
196,igrɛkonze,还行,我和大家看的真的是同一部嗎？？？吹成這樣把我給嚇得……,0.0008489260572071
197,Mokoto,很差,本来就讨厌大棚 看完更讨厌了！,0.6421935051915104
198,蛋蛋秀,推荐,"上海电影节错过了，北影节第一张就抢了《吉祥如意》。

《吉祥》是导演拍摄三舅以及家人的故事，而《如意》则是拍摄导演拍摄《吉祥》的内容……这种虚实结合的方式很少见，你也没办法准确界定是剧情片还是纪录片，但最终触动人的情感都是真实且细腻的。

坐在资料馆看一部曾在资料馆取景的电影，感觉很神奇。我大部分时间会沉浸在电影传达的情绪里，但时不时又会跳脱出来审视这样中国最普遍最大众家庭里的琐事、矛盾跟亲情。

大鹏说，尽管电影里有很多自己的私人情感，但这并不是一部私人影像。看到这部电影会很不自觉的想到自己的家庭，处处都是“自己家”的影子。

家庭很小，亲情很大，文武香贵，吉祥如意！
",1.0
199,无非,推荐,三星半。想法挺好的，但从电影的角度来看，除去东北农村生活的真实感，大鹏的私人感情和作者性，完成度实在太低了，特别是后半部分，实际上并没有和前边形成很好的对称感。前半段刘陆标准的普通话和后半段大鹏穿在身上的加拿大鹅，像是硬生生侵入到了已经不属于他们的生活里。排片不算少，但上座率很低，散场时有人鼓掌。,0.9999669402726705
200,但丁的方舟,推荐,太特别了。只能用［天意］作为注解。家庭影像可贵动人但不罕见，嵌套式的叙事结构是一种实验巧思，但真正的力量却来自开拍后的意外以及意外中的行进。安排演员进入纪录文本更成了神来一笔，演员本身最入戏、却让观众略出戏，完全模糊了虚拟和现实、剧作与真实。导演初衷与成品之间的距离，角色在多重身份间的摇摆，命运汇流最终导向的结果，让它无法被复制。,1.0
201,关雅荻,推荐,为啥我看到几个评论还在说日本电影《摄影机不要停》？《吉祥如意》是2016年开始拍的，开始拍摄的时候就确定了两段式的构思，而《摄影机不要停》日本2017年年底公映，国内观众是2018年才看到，这两部电影就算有相似之处，也不应该成为批评这部电影的理由，因为基本事实都搞错了吧。。。大鹏这次从直觉到思考创作过程，都非常棒，很佩服，不经意间把一个偶然的母题存放在了docu-drama与drama-docu的互文对应关系之中，非常难得，或许是偶得，但显然是佳作~这部看过后我不知道啥神经，居然把肯·洛奇和董成鹏搭上了线，表面看特别无厘头，但仔细想想，还是有点道理。。。放这里了👉 https://movie.douban.com/review/13162264/?dt_dapp=1,0.9999999743437051
202,伤心杀人橙,力荐,"谢谢电影之神，谢谢真诚的大鹏。这大概是中国观众第一次在院线看到具有艺术实验水平的元电影。欧洲的元电影是设计出来的，我们的元电影是天意。大鹏真的是投机分子么？至少形式很自然，很贴合内容,至少他初衷是寻找天意。很惊喜。",0.9999999994960576
203,海中央,较差,好在哪？说明白什么了？那个叫刘陆的女演员，拿着劲到人家家里指手画脚去了？还“为什么十年不回来”，生活的复杂是你一个过路人能指控了的么，你是演戏，生活里的人可没力气每时每刻拿劲演戏，鸡毛蒜皮鸡飞狗跳都得受着，没那么大道理大情怀。,0.9997698418540704
204,ClairDeLune,较差,"导演拍得很感动中国，但感动不了我。（或许是我共情能力越来越低了吧，也做不到自我感动）

有点像春江水暖，但比春江水暖更平，导演的投射更令人不想看。

真的不太喜欢这类型电影，导演你想拍啥我懂，但你拍的我真不想看啊。

前面伪纪录片我还能靠着时不时空镜头的美丽雪景看下去（南方人没见过世面），后面拍摄花絮我直接看不下去了…
",0.9999999612302868
205,III🌙,还行,★★★☆ 单拎《吉祥》出来可能更喜欢一点，毕竟有关亲情的生离死别、对弱者的怜爱和亲戚之间矛盾这些悲喜是可以共通的，比《喜丧》更精简。加上《如意》之后本来以为会是《摄影机不要停》结果却是在塑造自己，情感其实挺断裂的。对标大鹏以往的作品这次玩形式“顺天意”确实算是一次进步与突破，放在华语“艺术片”的范畴内好像没有什么惊喜之处… 其实感觉这个片出发的本意是“接地气”的生活点滴，然而从影片到映后交流大鹏本人都莫名的端着和做作，不是不想放下对他的偏见，导演想转型过度可以自然一点。,0.9999999999982276
206,〇,还行,"单是《吉祥》，给了4星，在放《如意》的时候一直在消化，总感觉还是欠缺感情。而《如意》似乎仅仅起到可有可无的花絮作用。
另外，拍摄影响了一个家庭，虽然效果可观，但不太赞同这样的拍法。",0.9772132321489551
207,油尖旺金毛w,力荐,实验电影 看完了挺难受的 宿命一般 年夜饭吵架那一段 演员丽丽哭的泣不成声 真的丽丽却冷漠地在一旁玩手机 就 还蛮讽刺的 这一切又让我想到了那个典型的弗拉哈迪式的问题 ,0.999997192152371
208,别枝雀,还行,7⃣️由于不可抗的外力因素剧本的突然改变，以及导演自言：不想被所谓标签束缚；整部影片显得比较碎片化，是夹在在剧情片和纪录片中的一个“四不像”，其中情感固然动人，但是女主角和非职业演员搭配在一起缺少生活气，非常出戏；同时就像许多新导演的通病，影片似乎想尽可能表达更多的人性侧面和更丰富的情感，使得整个影片中心涣散；最后补充通常观众提出的三种不同的记录方式以及影片本身的结构，都是非常好的突破和创新；私以为按照导演原来的想法可能会是一部不太成熟的《四个春天》大鹏版，但是现下不得已而为之的主题也不可不称之为一个“不同于其他影片的独特存在”。,1.0
209,ENTERPRISE,力荐,最后的VCR里，王吉祥口齿清楚地说出了“文武香贵”、奶奶精神矍铄地穿着红毛衣，在镜子里看到端着dv机的大鹏，戳中了。奶奶拉来门，说“这个好”，指着门后的“吉祥如意”。                  ,0.9829467583726125
210,#田螺难#,推荐,大棚又进步了。王吉祥是每一个农村人的三叔、二舅，姥姥是每一个人的姥姥，王庆丽是每一个讨厌过家人又不敢面对家人的我们。最喜欢这个电影的地方是感觉，没有自上而下的视角、拍的是一种活在农村才会有的、低端的真实的感觉，矫情的语言精致的理论都写不出来、看电影也不一定能体会到，带入自己的亲身经历才懂。看电影期间旁边一个50岁左右的叔叔一直在啜泣、结束后的主创见面会又把他说哭了，最后拍合照终于听到了他的笑声。,0.999999999909243
211,SleepWalker,推荐,BJIFF.  吉祥三星半，好在内容，如意四星半，好在构思。大鹏还是适合做幕后，对摄影机介入和抽离的时机把握很准。能资料馆看就资料馆看吧，毕竟有几个镜头真是挺魔幻了，模糊了现实与虚构的界限。“一二四五，文武香贵。”,0.9999999771094742
212,素素素素素丶,推荐,#23rdSIFF#真实与虚构，剧情与记录的界限被打破，亲人主题下产生的的强烈情感共鸣在片尾无限放大，这种触及到人与人最普世真挚的情感和全新的叙事突破是从未在华语片感受到的。,0.9999999999645008
213,屎蛋儿,力荐,"吉祥挺不错但缺乏了作为整个故事引线大鹏那部分的真实感，而且专业演员的部分也不协调。
后面解构的如意是很好的补足，那些吉祥里镜头背后的真实。
和摄影机不要停单纯喜剧不一样的是，这部关于家庭关于亲情关于中国农村的环境一切都很好的融入我过往的记忆与感受。
也正如大鹏所说，不知道能拍到什么，一切似乎都是天意如此，所谓的宿命成片",0.9999999993056252
214,深夜声噎,力荐,拍一种天意也是要有能发现抓住天意的聪明和能力的，大鹏可以抽多点烟。吉祥前面的时候今天实在太累了困了几眼，但是如意可太有意思了，最后的vcr说明大鹏真是受到了姥姥的天助，不能完美，如意已是天赐。,0.5762914813499064
215,冷冷之初,很差,烂剧！这次我站小四，这次我站他，我站他。,0.9085045894957907
216,暖飏九点,力荐,9.0 siff未能如愿，今日终于相见。这个世界上有太多摆拍、刻意的纪录片，所以看到真实的剧情片的时候，会共情，会感动。这部作品可以展开讨论的内容实在太多了，大鹏的野心与才华展露无疑，甚至有“天意”在为其促成这部作品。很多优秀的电影都有幕后纪录片，它们独自成为作品，袒露“梦的背后”。但大鹏试图让《吉祥》《如意》形成互文后融为一体，故而产生了奇妙的化学反应。诸如阿巴斯的《特写》模糊纪实与虚构的边界；《摄像机不要停》把电影的由来全然道来；顾晓刚的《春江水暖》勾勒兄弟姊妹间罅隙与拉扯、家族的宿命；黄梓的《小伟》以自身家庭作为创作底本，是对导演自己的交待；《吉祥如意》与它们的某个侧面是相像的，让人熟悉，且讨论的事情如家事案子、社会新闻般稀松平常，而故事讲法的“新”放之华语影坛又是如此独特，令人沉浸。,1.0
217,余来,还行,刘陆真是个好演员，但大鹏还不算好导演。,0.9851395511193521
218,joi,力荐,是一种奇迹的存在 而且是you can be part of it的那种奇迹,0.9762040865245721
219,小A,推荐,在中国电影资料馆看《吉祥如意》可能是独一无二的体验，在《吉祥》《如意》衔接的时刻看到眼前资料馆大厅的银幕套娃在银幕里，完成剧情片向戏中戏的转换。虽然事先做好了《吉祥如意》的形态设定，但拍摄现场状况超出预想，纪录片的拍摄方式，剧情片的后制方式，模糊虚构和现实的界限，看上去是一种新的电影形态，实际上展现了最原生态的情感。编导的后期干预只是塑造了影片的外在形态，内在情感的真实被完好地保留下来呈现在银幕上。,1.0
